1,John,Doe,john.doe@example.com,Toyota,Camry,2019,25000.0
2,Jane,Smith,jane.smith@example.com,Honda,Accord,2020,27000.0
3,Hiimo,Narep,hiimonrep@gmail.com,Zaporozets,Focus,2018,20000.0
4,Selinda,Clutterbuck,sclutterbuck3@webs.com,Daewoo,Nubira,2001,$4.32
6,Noam,Stables,nstables5@moonfruit.com,Isuzu,Hombre,1997,$5.11
7,Merle,Walentynowicz,mwalentynowicz6@pinterest.com,Mercury,Mystique,2000,$4.19
8,Briney,Beasant,bbeasant7@google.co.uk,Dodge,Avenger,1997,$8.43
9,Roxy,Bedome,rbedome8@live.com,Mercury,Mystique,1996,$3.74
11,Jaime,Madine,jmadinea@bloomberg.com,Nissan,Quest,1997,$1.53
12,Danya,Plott,dplottb@alexa.com,Daewoo,Nubira,2002,$7.79
13,Seumas,Gilding,sgildingc@cafepress.com,Lexus,ES,2002,$8.29
14,Simone,Wolver,swolverd@ameblo.jp,Infiniti,I,2004,$5.60
16,Skelly,Housegoe,shousegoef@e-recht24.de,Plymouth,Neon,1999,$8.12
17,Margaux,Lokier,mlokierg@pinterest.com,Subaru,Loyale,1992,$3.75
18,Dorette,Golden,dgoldenh@wix.com,Pontiac,Sunbird,1994,$5.73
19,Christiane,Giorgini,cgiorginii@lulu.com,Pontiac,Safari,1986,$5.91
20,Gusella,Foxon,gfoxonj@indiegogo.com,Ford,E-Series,1991,$6.37
21,Tania,Muggleston,tmugglestonk@nifty.com,Toyota,Echo,2001,$2.57
22,Janice,Morales,jmoralesl@wired.com,Oldsmobile,Bravada,1993,$8.33
23,Killian,Blodgetts,kblodgettsm@hp.com,Saab,9000,1997,$4.63
24,Evaleen,Jordan,ejordann@freewebs.com,Maserati,228,1989,$0.73
25,Percy,"de Pinna",pdepinnao@hc360.com,Acura,RL,2012,$3.78
26,Harmonie,Heminsley,hheminsleyp@wordpress.org,Lexus,LS,1994,$3.28
27,Smith,Hullins,shullinsq@alibaba.com,Mitsubishi,"Montero Sport",2004,$7.41
28,Nancie,Lotze,nlotzer@oakley.com,Pontiac,Firebird,1992,$6.09
30,Hunt,Espinay,hespinayt@hhs.gov,Ford,Laser,1987,$1.92
31,Abbey,Ashford,aashfordu@github.com,Infiniti,G,1996,$4.68
32,Irwin,McNiven,imcnivenv@cbc.ca,Lotus,Evora,2010,$3.08
33,Grover,Rizziello,grizziellow@desdev.cn,Acura,RDX,2009,$6.23
34,Hiram,Norrie,hnorriex@epa.gov,Volvo,940,1995,$7.19
35,Mal,Futty,mfuttyy@networkadvertising.org,Ford,Fiesta,2011,$2.60
36,Gabbie,Learmouth,glearmouthz@pagesperso-orange.fr,Isuzu,Trooper,2000,$9.36
37,Adora,Crossan,acrossan10@friendfeed.com,Mercury,Sable,2003,$3.78
38,Berthe,Tumasian,btumasian11@qq.com,Acura,MDX,2009,$4.14
39,Hadley,Hurdedge,hhurdedge12@hud.gov,Lexus,LS,1991,$5.52
40,Ceciley,Annice,cannice13@t-online.de,Ford,Expedition,1998,$3.18
41,Lynett,McNeigh,lmcneigh14@businesswire.com,Dodge,"Ram 3500",2006,$9.15
42,Gaspard,Beeble,gbeeble15@acquirethisname.com,"Citroën",Seville,1998,$8.03
43,Leontine,Mattosoff,lmattosoff16@home.pl,Chevrolet,S10,1995,$9.02
44,Valenka,Babbs,vbabbs17@storify.com,Buick,Skyhawk,1986,$1.40
45,Joceline,Brozek,jbrozek18@rediff.com,Buick,LeSabre,1995,$7.54
46,Javier,Hamer,jhamer19@geocities.com,Chrysler,Crossfire,2006,$5.19
47,Brian,Janaszewski,bjanaszewski1a@about.com,Plymouth,Volare,1976,$1.11
48,Carmencita,Volkers,cvolkers1b@thetimes.co.uk,Pontiac,Firebird,1986,$6.68
49,Ugo,Mabson,umabson1c@dagondesign.com,Ford,Thunderbird,1985,$0.64
50,Judah,Hallgath,jhallgath1d@phoca.cz,Plymouth,Acclaim,1992,$9.27
51,Frieda,Derrell,fderrell1e@wsj.com,Ford,Taurus,2007,$0.36
53,Rebe,Farraway,rfarraway1g@wiley.com,Ford,F350,2012,$1.21
54,Carlyle,Sly,csly1h@stumbleupon.com,Dodge,Dakota,2011,$0.53
55,Lonna,Imesen,limesen1i@sun.com,Mercury,Montego,2006,$5.40
56,Veda,George,vgeorge1j@posterous.com,Dodge,"Ram Van 1500",2003,$3.77
57,Eba,Sextone,esextone1k@baidu.com,Buick,Skylark,1992,$3.10
58,Stacee,Trees,strees1l@wp.com,Chevrolet,"G-Series G30",1994,$8.81
59,Rafi,Wooland,rwooland1m@sitemeter.com,Honda,S2000,2008,$7.00
60,Edwina,Andreuzzi,eandreuzzi1n@smugmug.com,Buick,Terraza,2006,$6.73
61,Helyn,Bonnor,hbonnor1o@parallels.com,BMW,330,2006,$8.92
62,Lonnie,Yarmouth,lyarmouth1p@joomla.org,Ferrari,"599 GTB Fiorano",2010,$6.19
63,Farr,Cadreman,fcadreman1q@auda.org.au,Ford,"Escort ZX2",2003,$7.58
64,Josselyn,Kelledy,jkelledy1r@163.com,Jaguar,X-Type,2003,$6.16
65,Jamesy,Ilem,jilem1s@guardian.co.uk,Ford,EXP,1985,$1.45
66,Munroe,Tyrie,mtyrie1t@moonfruit.com,Mercedes-Benz,C-Class,2009,$0.63
67,Swen,Waddie,swaddie1u@webmd.com,Toyota,"Tacoma Xtra",1995,$6.52
68,Melisse,"La Padula",mlapadula1v@google.com.au,Hummer,H1,1995,$3.98
69,Lind,Figgen,lfiggen1w@imgur.com,GMC,"Savana 3500",1997,$3.57
70,Philip,Barclay,pbarclay1x@ning.com,Ford,"Explorer Sport Trac",2004,$0.98
71,Elaine,Geldeford,egeldeford1y@utexas.edu,Kia,Sorento,2007,$3.85
72,Bari,Hanvey,bhanvey1z@deliciousdays.com,GMC,Sierra,2012,$2.48
73,Lizbeth,Favel,lfavel20@angelfire.com,Dodge,"Ram Van 3500",2001,$1.15
74,Harald,Shallo,hshallo21@i2i.jp,Infiniti,G,1993,$9.08
75,Aubrey,Rickaby,arickaby22@wp.com,Chevrolet,"Express 3500",2010,$0.30
76,Chlo,McVitty,cmcvitty23@t.co,"Citroën",STS,2010,$5.65
77,Padraic,Rowsel,prowsel24@gmpg.org,Jeep,Wrangler,1998,$2.03
78,Matelda,Stoaks,mstoaks25@apple.com,Ford,Taurus,1995,$2.25
79,Ariela,Barefoot,abarefoot26@tumblr.com,Volkswagen,Rabbit,2009,$2.38
80,Alison,Corfield,acorfield27@wikispaces.com,Ford,E-Series,2006,$6.03
81,Hortensia,Ginnally,hginnally28@nih.gov,GMC,"Savana 2500",1999,$5.25
82,Corabella,Denholm,cdenholm29@networksolutions.com,Mitsubishi,Pajero,1991,$0.00
83,Constancy,Albers,calbers2a@blogger.com,Ford,"Expedition EL",2011,$9.93
84,Garner,Tomashov,gtomashov2b@360.cn,Chrysler,"Town & Country",2005,$2.57
85,Ellswerth,Hixson,ehixson2c@eepurl.com,Dodge,"D350 Club",1993,$7.46
86,Charyl,Sommerling,csommerling2d@nasa.gov,Chevrolet,Impala,2006,$8.30
87,Valerye,Gowing,vgowing2e@twitpic.com,Ford,Fairlane,1966,$8.52
88,Haley,Treffry,htreffry2f@phpbb.com,Ford,"LTD Crown Victoria",1990,$0.62
89,Braden,Wardhaugh,bwardhaugh2g@tripadvisor.com,Dodge,"Ram 3500 Club",1996,$5.78
90,Meade,Stenning,mstenning2h@hibu.com,Suzuki,"Grand Vitara",2008,$2.34
91,Geoff,Renoden,grenoden2i@qq.com,Dodge,Spirit,1995,$3.74
92,Brennen,Gebhardt,bgebhardt2j@xing.com,Chevrolet,Avalanche,2002,$4.89
93,Mallorie,Faichnie,mfaichnie2k@msn.com,Chrysler,300,2007,$0.48
94,Lorie,Waterworth,lwaterworth2l@youtube.com,Hummer,H1,2003,$2.31
95,Wiley,Chudleigh,wchudleigh2m@businessweek.com,BMW,745,2002,$3.90
96,Alleyn,Duffett,aduffett2n@apache.org,Saab,9000,1997,$9.76
97,Rozina,Jonk,rjonk2o@fda.gov,Nissan,Titan,2005,$0.14
98,Chico,Farrent,cfarrent2p@miitbeian.gov.cn,Volvo,V50,2009,$3.51
99,Hyacintha,Garwood,hgarwood2q@google.it,Pontiac,GTO,1971,$9.61
100,Roxanna,Dunkerly,rdunkerly2r@xing.com,GMC,"2500 Club Coupe",1993,$0.80
101,Base,Hanway,bhanway2s@etsy.com,Toyota,Sienna,2003,$9.29
102,Taryn,Marcam,tmarcam2t@infoseek.co.jp,Kia,Sportage,2001,$3.83
103,Earlie,"O'Scandall",eoscandall2u@amazon.com,Mitsubishi,Expo,1992,$5.97
104,Ag,Eldered,aeldered2v@arizona.edu,Toyota,Highlander,2005,$3.74
105,Mela,Lanfranconi,mlanfranconi2w@about.me,Mitsubishi,Galant,2003,$0.63
106,Gay,Edgin,gedgin2x@bloglines.com,Volkswagen,CC,2010,$2.93
107,Kira,Feavearyear,kfeavearyear2y@desdev.cn,Geo,Tracker,1995,$3.95
108,Mariel,Smelley,msmelley2z@jugem.jp,Toyota,"Tacoma Xtra",1998,$6.18
109,Roxana,Simoes,rsimoes30@discovery.com,Chevrolet,Malibu,2012,$2.03
110,Celeste,Gaishson,cgaishson31@furl.net,Mazda,MX-5,2000,$7.98
111,Honey,Swancott,hswancott32@i2i.jp,Chevrolet,"Silverado 2500",2007,$7.82
112,Bent,Ridgedell,bridgedell33@bloglovin.com,Nissan,Frontier,2010,$6.61
113,Cora,Chestney,cchestney34@abc.net.au,GMC,"3500 Club Coupe",1994,$5.45
114,Arlen,Grimmolby,agrimmolby35@feedburner.com,Buick,Century,2001,$8.14
115,Tara,Tomasutti,ttomasutti36@issuu.com,Pontiac,Safari,1988,$9.92
116,Shandra,Tomasian,stomasian37@who.int,Dodge,"Ram 2500",2009,$6.17
117,Marta,Archer,marcher38@people.com.cn,Buick,Reatta,1991,$1.14
118,Morty,Glassopp,mglassopp39@vk.com,Mazda,MPV,2005,$7.82
119,Bambi,Dobrovolny,bdobrovolny3a@soup.io,BMW,"7 Series",2012,$7.70
120,Ardith,Tague,atague3b@senate.gov,Kia,Rondo,2010,$7.62
121,Shari,Olivier,solivier3c@biblegateway.com,Ford,Taurus,1989,$8.80
122,Shelly,Harrod,sharrod3d@icio.us,Infiniti,G,2011,$9.97
123,Kittie,Collman,kcollman3e@apache.org,Dodge,"Ram Van 2500",1998,$9.06
124,Nick,Sumpton,nsumpton3f@nydailynews.com,Volkswagen,Fox,1989,$5.96
125,Hilary,Haselup,hhaselup3g@samsung.com,Toyota,Prius,2011,$8.01
126,Norri,Jonah,njonah3h@dailymail.co.uk,Lexus,SC,1994,$6.26
127,Ferd,Gresswood,fgresswood3i@sourceforge.net,"Citroën",XLR,2006,$4.45
128,Twyla,Brogan,tbrogan3j@nature.com,Lincoln,MKZ,2012,$3.87
129,Susie,Glaze,sglaze3k@chicagotribune.com,Chevrolet,"Express 3500",2003,$5.21
130,Julius,Dryburgh,jdryburgh3l@delicious.com,Jeep,Compass,2008,$8.71
131,Arturo,Inott,ainott3m@mlb.com,BMW,"3 Series",1995,$8.69
133,Peggy,Iaduccelli,piaduccelli3o@jimdo.com,Dodge,"Dakota Club",1997,$9.13
134,Misti,Schroeder,mschroeder3p@cnet.com,Toyota,"Land Cruiser",2011,$8.91
135,Milena,Marle,mmarle3q@go.com,Ford,Flex,2010,$2.06
136,Estevan,Tatteshall,etatteshall3r@nih.gov,Dodge,"Ram 3500",2008,$6.91
137,Nikki,Sherrum,nsherrum3s@ning.com,Pontiac,GTO,1974,$0.37
138,Perry,Heck,pheck3t@epa.gov,Mercedes-Benz,M-Class,2009,$7.04
139,Beverie,Hoodlass,bhoodlass3u@163.com,BMW,Z4,2011,$7.76
140,Maynord,Hiland,mhiland3v@unesco.org,Suzuki,Swift,2004,$4.00
141,Bradly,Beswetherick,bbeswetherick3w@wisc.edu,Hyundai,Tiburon,2007,$0.91
142,Bernadine,Grief,bgrief3x@toplist.cz,Toyota,Camry,1997,$2.98
143,Garik,Aveson,gaveson3y@liveinternet.ru,Mitsubishi,Mirage,2002,$6.55
144,Marty,Phelipeaux,mphelipeaux3z@purevolume.com,GMC,Sonoma,1995,$1.54
145,Charmain,Colqueran,ccolqueran40@ca.gov,Chevrolet,Blazer,1998,$6.73
146,Caleb,Mouser,cmouser41@google.com.au,Chevrolet,"Avalanche 2500",2002,$3.77
147,Peggy,Juszkiewicz,pjuszkiewicz42@comcast.net,Bentley,"Continental GT",2007,$2.65
148,Morrie,Dawkins,mdawkins43@youtube.com,Plymouth,"Grand Voyager",1992,$4.76
149,Letty,Cutbush,lcutbush44@gizmodo.com,Lincoln,"Town Car",2006,$8.26
150,Tiler,Houlworth,thoulworth45@senate.gov,Mercedes-Benz,300CE,1992,$0.83
151,Carly,Hansen,chansen46@cafepress.com,Chevrolet,Silverado,2011,$1.69
152,Christy,Pleasants,cpleasants47@washingtonpost.com,GMC,"Sierra 1500",2008,$2.94
153,Belita,Jehan,bjehan48@bloglines.com,Dodge,Viper,2009,$9.66
154,Maggy,Messiter,mmessiter49@epa.gov,Volkswagen,Eurovan,1994,$6.16
155,Hirsch,Mebes,hmebes4a@facebook.com,Ford,Fiesta,2012,$2.01
156,Wini,Elsay,welsay4b@1688.com,"Citroën",SRX,2005,$8.59
157,Tracy,Bescoby,tbescoby4c@cargocollective.com,Isuzu,Rodeo,1994,$0.69
158,Rowland,Arnke,rarnke4d@quantcast.com,Chevrolet,"Express 1500",2002,$3.71
159,Donnell,Parker,dparker4e@delicious.com,Mercury,"Grand Marquis",2009,$7.27
160,Allie,Hoyer,ahoyer4f@com.com,Saturn,S-Series,1997,$9.68
161,Carmelia,Ormistone,cormistone4g@amazonaws.com,Toyota,RAV4,2012,$3.23
162,Aggi,Hartup,ahartup4h@paginegialle.it,Volvo,XC90,2004,$9.19
163,Guy,Brinsford,gbrinsford4i@berkeley.edu,Oldsmobile,Toronado,1966,$7.46
164,Neila,Heart,nheart4j@list-manage.com,Audi,A4,2009,$7.60
165,Weylin,Dainton,wdainton4k@vkontakte.ru,Toyota,Sienna,2000,$1.45
166,Camila,McGeneay,cmcgeneay4l@facebook.com,Chrysler,300M,2003,$8.65
167,Jennifer,Thurner,jthurner4m@imgur.com,Audi,S5,2010,$5.96
168,Ariana,Bedwell,abedwell4n@discuz.net,Pontiac,6000,1983,$1.40
169,Keslie,Snipe,ksnipe4o@studiopress.com,GMC,"Sierra 2500",2012,$9.05
170,Alex,Yepiskov,ayepiskov4p@gov.uk,Mercury,Marquis,1986,$6.40
171,Binky,Pattinson,bpattinson4q@myspace.com,Mercedes-Benz,300SD,1992,$6.09
172,Zeke,Pechold,zpechold4r@mlb.com,Infiniti,G37,2008,$4.39
173,Yetty,Baskeyfied,ybaskeyfied4s@businessweek.com,Ford,E-Series,1987,$0.43
174,Aguie,Ekkel,aekkel4t@wix.com,Suzuki,Vitara,2000,$2.12
175,Bibbye,Bottlestone,bbottlestone4u@cornell.edu,Chevrolet,S10,1993,$6.85
176,Britt,Babbs,bbabbs4v@dion.ne.jp,Buick,Riviera,1995,$4.48
177,Cordelie,Stonehouse,cstonehouse4w@google.com.hk,Ford,Excursion,2003,$7.23
178,Mari,Dmych,mdmych4x@google.com,Nissan,Pathfinder,1994,$1.95
179,Angelique,Zapater,azapater4y@multiply.com,Hyundai,Veracruz,2007,$1.78
180,Lazarus,Valsler,lvalsler4z@tumblr.com,Nissan,370Z,2012,$3.03
181,Zackariah,Jefford,zjefford50@webmd.com,Chevrolet,"Express 1500",2000,$5.73
182,Muffin,Raggett,mraggett51@github.io,Pontiac,Monterey,2005,$9.95
183,Archibold,Fidoe,afidoe52@biglobe.ne.jp,Volkswagen,Golf,2001,$8.41
184,Julianne,Hainsworth,jhainsworth53@fastcompany.com,Mitsubishi,Pajero,2000,$3.72
185,Shaina,Durbyn,sdurbyn54@constantcontact.com,Nissan,Altima,1993,$4.02
186,Harriot,Scannell,hscannell55@shinystat.com,Dodge,Nitro,2010,$7.90
187,Jennica,Burg,jburg56@xrea.com,Mazda,Mazda6,2003,$9.52
188,Dru,Felder,dfelder57@cloudflare.com,Lexus,LX,2006,$2.94
189,Bibby,Ghent,bghent58@oaic.gov.au,Mitsubishi,Diamante,2001,$5.83
190,Elyssa,Tesimon,etesimon59@ucoz.com,Dodge,"D350 Club",1993,$5.46
191,Demetrius,Dewdney,ddewdney5a@biglobe.ne.jp,Mazda,Protege,1993,$5.79
192,Correy,Lilburne,clilburne5b@t.co,Oldsmobile,Aurora,1997,$5.32
193,Hieronymus,Precious,hprecious5c@craigslist.org,Ford,E-Series,2005,$4.20
194,Meredith,Salzburger,msalzburger5d@bloomberg.com,Ford,"LTD Crown Victoria",1987,$7.02
195,Aigneis,Darch,adarch5e@google.fr,Chevrolet,Camaro,1993,$8.22
196,Simona,Marcone,smarcone5f@moonfruit.com,Chrysler,"Town & Country",2012,$8.98
197,Tiffani,Teager,tteager5g@taobao.com,Audi,S8,2008,$4.14
198,Juli,Sabban,jsabban5h@techcrunch.com,Ford,F-Series,2006,$5.35
199,Jorry,Spridgeon,jspridgeon5i@sciencedaily.com,Scion,tC,2005,$0.78
200,Kimmie,Tunsley,ktunsley5j@fda.gov,Mercedes-Benz,W201,1987,$4.23
201,Park,Liveley,pliveley5k@thetimes.co.uk,Subaru,Impreza,2012,$9.33
202,Malorie,Hambrook,mhambrook5l@xrea.com,Ford,Thunderbird,1987,$4.79
203,Jacquenette,Peatman,jpeatman5m@biglobe.ne.jp,Ford,"Explorer Sport",2000,$2.78
204,Barbabas,Deek,bdeek5n@cbsnews.com,Chevrolet,Corvette,2004,$9.37
205,Doralynne,Beyer,dbeyer5o@1und1.de,Chevrolet,"Express 1500",1996,$2.98
206,Imelda,Balaison,ibalaison5p@cloudflare.com,Chevrolet,"Suburban 2500",2001,$5.69
207,Ryley,Dallimore,rdallimore5q@ebay.com,GMC,"Sierra 2500",2000,$2.52
208,Geno,Collingridge,gcollingridge5r@walmart.com,Dodge,Challenger,2010,$5.26
209,Sorcha,Erlam,serlam5s@dailymotion.com,Subaru,Legacy,2007,$0.37
210,Keriann,Repper,krepper5t@tripod.com,Lincoln,"Town Car",2003,$3.41
211,Bradan,Rimer,brimer5u@hibu.com,Kia,Sportage,2011,$2.90
212,Tasia,McGrady,tmcgrady5v@cbsnews.com,Buick,Riviera,1988,$2.10
213,Conroy,Gilley,cgilley5w@biglobe.ne.jp,Nissan,350Z,2005,$0.47
214,Cara,Farmloe,cfarmloe5x@technorati.com,"Land Rover",Discovery,2010,$6.36
215,Si,Earngy,searngy5y@soup.io,Subaru,Leone,1987,$2.55
216,Chelsy,Somersett,csomersett5z@sogou.com,Lotus,Exige,2007,$8.04
217,Kenton,Caush,kcaush60@hatena.ne.jp,Ford,GT,2005,$4.29
218,Berti,Fullwood,bfullwood61@bbc.co.uk,Chevrolet,Venture,2002,$6.79
219,Delano,Gainsborough,dgainsborough62@squidoo.com,Dodge,Spirit,1995,$6.47
220,Henri,Pollock,hpollock63@oakley.com,GMC,"Savana 2500",1996,$8.22
221,Vito,Slowley,vslowley64@moonfruit.com,Lexus,GS,1996,$7.15
222,Venus,Sambells,vsambells65@wordpress.org,GMC,"Vandura 1500",1993,$2.59
223,Bryn,Cockshott,bcockshott66@cnet.com,"Citroën","Escalade EXT",2002,$8.87
224,Rawley,Carding,rcarding67@mac.com,Chevrolet,Tracker,2002,$1.36
225,Koo,Aggott,kaggott68@jimdo.com,Volvo,XC90,2012,$2.05
226,Sancho,Whear,swhear69@meetup.com,Lincoln,Navigator,2010,$2.48
227,Erna,Graddell,egraddell6a@vkontakte.ru,Saab,9-7X,2009,$8.85
228,Salomi,Helwig,shelwig6b@skype.com,Maybach,62,2008,$4.80
229,Gav,Persian,gpersian6c@sakura.ne.jp,Lincoln,"Town Car",1984,$1.67
230,Neils,Searby,nsearby6d@dion.ne.jp,Isuzu,Stylus,1992,$0.67
231,Anne-corinne,Simmance,asimmance6e@bloglines.com,"Citroën",Eldorado,1993,$4.88
232,Amandy,Beere,abeere6f@statcounter.com,GMC,2500,1997,$5.27
233,Ted,Edser,tedser6g@salon.com,Buick,Riviera,1985,$5.29
234,Malachi,Maddie,mmaddie6h@gnu.org,Jaguar,S-Type,2002,$4.96
235,Meredeth,Borborough,mborborough6i@fema.gov,Buick,Century,1989,$1.78
236,Kameko,Daton,kdaton6j@biglobe.ne.jp,Maserati,Spyder,2002,$6.08
237,Elyssa,Haselden,ehaselden6k@posterous.com,Audi,S5,2011,$4.49
238,Kaylil,Longmire,klongmire6l@linkedin.com,Chevrolet,Corvette,1992,$6.69
239,Ogden,"D'Elia",odelia6m@i2i.jp,Pontiac,GTO,1966,$0.95
240,Elnore,Hutchason,ehutchason6n@ucoz.ru,BMW,530,2004,$6.78
241,Zondra,Cockley,zcockley6o@samsung.com,Lamborghini,Gallardo,2012,$6.91
242,Keenan,Torald,ktorald6p@themeforest.net,Mitsubishi,Lancer,2011,$7.91
243,Jessa,Decourcy,jdecourcy6q@bravesites.com,Infiniti,"IPL G",2011,$9.16
244,Biron,Dufore,bdufore6r@arizona.edu,Subaru,Impreza,2010,$2.77
245,Natalie,Sollitt,nsollitt6s@pagesperso-orange.fr,Ford,"Five Hundred",2006,$6.18
246,Cathryn,Stallworth,cstallworth6t@seesaa.net,Mercedes-Benz,CL-Class,2010,$4.62
247,Querida,Glasper,qglasper6u@wikia.com,Chevrolet,Suburban,2010,$8.58
248,Ashley,Terron,aterron6v@jugem.jp,GMC,"2500 Club Coupe",1996,$9.48
249,Dud,Bantick,dbantick6w@imgur.com,Mazda,Navajo,1993,$7.19
250,Leonerd,Waszczyk,lwaszczyk6x@issuu.com,Subaru,Legacy,1998,$6.88
251,Amye,Mainz,amainz6y@cargocollective.com,Ford,Expedition,2007,$1.28
252,Ashley,Arnaud,aarnaud6z@qq.com,BMW,Z4,2011,$3.47
253,Honey,Badder,hbadder70@etsy.com,Dodge,Stealth,1996,$9.89
254,Reagan,Noto,rnoto71@discovery.com,"Citroën","Escalade EXT",2010,$0.48
255,Noble,Rhoades,nrhoades72@pcworld.com,Dodge,"Ram 1500 Club",2001,$6.29
256,Keelby,Cash,kcash73@ustream.tv,Suzuki,"Grand Vitara",2000,$8.80
257,Margarete,Honeywood,mhoneywood74@spiegel.de,Dodge,"Grand Caravan",2012,$6.21
258,Colene,Giberd,cgiberd75@patch.com,Acura,RDX,2010,$4.40
259,Roda,Balk,rbalk76@princeton.edu,Chevrolet,Astro,2000,$9.41
260,Katerine,Harrinson,kharrinson77@scribd.com,Mitsubishi,Eclipse,2011,$0.67
261,Nilson,Heibl,nheibl78@slideshare.net,Chevrolet,"Silverado 3500",2004,$8.23
262,Ludwig,Deacock,ldeacock79@disqus.com,Honda,Odyssey,2005,$9.71
263,Abigale,Sollime,asollime7a@harvard.edu,Kia,Sorento,2003,$6.15
264,Harrison,Hebard,hhebard7b@sciencedirect.com,Kia,Spectra,2008,$4.11
265,Florella,Kingsman,fkingsman7c@twitter.com,Acura,NSX,1997,$7.27
266,Delainey,Innman,dinnman7d@google.es,Dodge,Viper,1995,$0.83
267,Ugo,Epton,uepton7e@jimdo.com,Pontiac,Firefly,1989,$2.13
268,Dalt,Hedden,dhedden7f@clickbank.net,Nissan,NX,1992,$6.26
269,Lauryn,Dimmick,ldimmick7g@time.com,GMC,"Savana 3500",1997,$0.93
270,Codie,Caldecutt,ccaldecutt7h@deliciousdays.com,Chrysler,"PT Cruiser",2003,$7.80
271,Krisha,Cullin,kcullin7i@businessweek.com,Porsche,Boxster,2000,$6.46
272,Gabi,Sharplin,gsharplin7j@dagondesign.com,Volvo,V70,2010,$4.63
273,Geraldine,Gertray,ggertray7k@berkeley.edu,Lexus,RX,2000,$5.71
274,Jasun,Barley,jbarley7l@hc360.com,Toyota,Tacoma,1997,$9.43
275,Willette,Guerrero,wguerrero7m@umich.edu,Ford,E150,2004,$6.27
276,Berry,Boynton,bboynton7n@loc.gov,Maserati,Quattroporte,1986,$1.57
277,Ermengarde,Gainsburgh,egainsburgh7o@ucoz.com,Dodge,"Ram 1500",2003,$8.22
278,Ellynn,Dunton,edunton7p@youtu.be,Ford,Ranger,1988,$0.35
279,Clari,Sparks,csparks7q@mtv.com,Dodge,"Ram 1500",2006,$1.20
280,Gardiner,Newlands,gnewlands7r@jimdo.com,"Alfa Romeo",164,1993,$9.59
281,Ralph,Enever,renever7s@mit.edu,Ford,"Club Wagon",1994,$2.34
282,Thebault,Joncic,tjoncic7t@noaa.gov,Bentley,"Continental GTC",2010,$4.31
283,Dominik,Desorts,ddesorts7u@privacy.gov.au,Saturn,S-Series,1995,$9.57
284,Robby,Seleway,rseleway7v@cbslocal.com,Mercedes-Benz,S-Class,1985,$7.52
285,Marv,Wilding,mwilding7w@amazon.co.jp,Buick,Regal,1998,$3.67
286,Son,Hirth,shirth7x@fotki.com,Volkswagen,GTI,1985,$1.91
287,Frederich,Meake,fmeake7y@gravatar.com,Chrysler,Sebring,1998,$5.35
288,Arin,Petrak,apetrak7z@domainmarket.com,Lexus,RX,2005,$3.04
289,Dacie,Bullier,dbullier80@java.com,BMW,"3 Series",2008,$3.96
290,Vaughan,Pacher,vpacher81@oaic.gov.au,Chevrolet,3500,1996,$9.93
291,Arlene,Blakely,ablakely82@wikimedia.org,Porsche,911,1993,$5.53
292,Matelda,Glowacha,mglowacha83@acquirethisname.com,Toyota,Tacoma,2005,$2.03
293,Laural,Webb-Bowen,lwebbbowen84@fc2.com,Mazda,MX-5,2011,$3.40
294,Vaclav,Porkiss,vporkiss85@pen.io,Chevrolet,Corvair,1960,$5.41
295,Crysta,Oiseau,coiseau86@dmoz.org,Nissan,Titan,2010,$2.55
296,Vivianne,Canape,vcanape87@techcrunch.com,Lexus,"RX Hybrid",2007,$6.28
297,Aveline,Lapthorne,alapthorne88@quantcast.com,Chevrolet,"G-Series 3500",1998,$7.01
298,Merralee,Gauch,mgauch89@comsenz.com,"Citroën",Fleetwood,1996,$7.44
299,Rosalynd,Peyro,rpeyro8a@telegraph.co.uk,Volkswagen,Eos,2010,$2.83
300,Mandy,Rainard,mrainard8b@sitemeter.com,Nissan,Maxima,2009,$1.18
301,Roxine,Cleveley,rcleveley8c@noaa.gov,Buick,"Park Avenue",1995,$1.95
302,West,Hegges,whegges8d@soundcloud.com,Saturn,Outlook,2010,$7.90
303,Shantee,Manthorpe,smanthorpe8e@feedburner.com,Hyundai,"Santa Fe",2007,$6.48
304,Susanna,Ceccoli,sceccoli8f@jalbum.net,Dodge,"Ram 1500 Club",1999,$8.65
305,Max,Edensor,medensor8g@google.fr,Mercedes-Benz,S-Class,1989,$1.20
306,Tiphani,Troman,ttroman8h@apache.org,Plymouth,"Grand Voyager",1992,$8.45
307,Penrod,Dregan,pdregan8i@dell.com,Ford,Excursion,2004,$3.62
308,Lucas,Fleet,lfleet8j@cornell.edu,Isuzu,Ascender,2006,$2.01
309,Doralynne,Karlicek,dkarlicek8k@quantcast.com,Mercury,Mountaineer,2002,$1.43
310,Jennica,Hindenberger,jhindenberger8l@devhub.com,Bentley,"Continental GT",2012,$8.63
311,Laurie,Verbruggen,lverbruggen8m@posterous.com,Mitsubishi,"Mighty Max Macro",1994,$9.31
312,Goddart,Wombwell,gwombwell8n@fc2.com,Lexus,IS-F,2011,$6.60
313,Bridie,Domm,bdomm8o@ezinearticles.com,Bentley,"Continental Flying Spur",2012,$7.28
314,Adelind,MacNeely,amacneely8p@pinterest.com,Lamborghini,Countach,1988,$8.98
315,Ellen,Fryatt,efryatt8q@yolasite.com,Pontiac,G6,2006,$4.99
316,Agatha,Baggiani,abaggiani8r@techcrunch.com,Nissan,Quest,1994,$1.44
317,Genevra,Fiddymont,gfiddymont8s@go.com,Chevrolet,Suburban,2009,$1.85
318,Orelee,Casone,ocasone8t@sina.com.cn,Chevrolet,Traverse,2011,$2.35
319,Delcine,Daintith,ddaintith8u@devhub.com,Ford,F250,2008,$5.10
320,Martita,Sogg,msogg8v@about.com,BMW,"X5 M",2012,$1.35
321,Katleen,Sansom,ksansom8w@cisco.com,Subaru,Legacy,2010,$4.80
322,Domeniga,Golland,dgolland8x@cbslocal.com,Chrysler,300,2011,$4.21
323,Mead,Shoosmith,mshoosmith8y@amazonaws.com,Volkswagen,Rabbit,2009,$1.56
324,Hollis,Downs,hdowns8z@geocities.jp,Ford,Aspire,1997,$8.97
325,Marlane,Barenskie,mbarenskie90@businesswire.com,Toyota,Tacoma,1999,$0.52
326,Oren,Gailor,ogailor91@japanpost.jp,Ford,"F-250 Super Duty",2006,$0.63
327,Ellynn,Reinhard,ereinhard92@economist.com,Honda,CR-V,2009,$7.04
328,Bron,Tupie,btupie93@plala.or.jp,Toyota,Tundra,2000,$6.46
329,Denver,McKinie,dmckinie94@wiley.com,Volvo,850,1994,$8.03
330,Jemie,Dorset,jdorset95@ftc.gov,GMC,"Savana 3500",2009,$4.30
331,Alameda,Moore,amoore96@phpbb.com,Mercedes-Benz,E-Class,1985,$6.23
332,Yoko,Dyball,ydyball97@berkeley.edu,Subaru,Impreza,2012,$4.37
333,Brooke,Perrinchief,bperrinchief98@blogtalkradio.com,Mazda,MX-5,1991,$3.67
334,Goraud,Crowhurst,gcrowhurst99@1und1.de,Honda,Odyssey,2009,$4.67
335,Dino,"O'Day",doday9a@who.int,Lexus,ES,2007,$4.37
336,Florence,Battersby,fbattersby9b@etsy.com,Mercedes-Benz,S-Class,2010,$9.25
337,Vanny,Fallawe,vfallawe9c@fastcompany.com,Mercedes-Benz,W201,1989,$7.20
338,Giulietta,Spriggen,gspriggen9d@linkedin.com,Audi,R8,2008,$6.93
339,Guenna,Cool,gcool9e@sohu.com,Chevrolet,Blazer,2005,$4.20
340,Halimeda,Andrasch,handrasch9f@fema.gov,Audi,200,1990,$4.48
341,Tod,Niezen,tniezen9g@com.com,Saab,9-5,2008,$8.86
342,Paule,Duinkerk,pduinkerk9h@ucoz.ru,Audi,80,1990,$9.31
343,Aurore,Merwood,amerwood9i@biblegateway.com,Mitsubishi,Montero,2003,$1.76
344,Nanny,Beseke,nbeseke9j@uiuc.edu,Audi,90,1991,$9.95
345,Zeke,Levi,zlevi9k@house.gov,Volvo,XC70,2006,$9.35
346,Manny,Floodgate,mfloodgate9l@hao123.com,Infiniti,QX,1998,$7.21
347,Augustin,"I'anson",aianson9m@ycombinator.com,Toyota,Tacoma,1995,$4.31
348,Benita,Boulde,bboulde9n@spotify.com,"Citroën",CTS,2012,$8.94
349,Ingra,Marvell,imarvell9o@w3.org,Dodge,"Grand Caravan",2007,$6.80
350,Helene,Wooddisse,hwooddisse9p@marketwatch.com,Bentley,"Continental GTC",2012,$2.76
351,Bern,Sabbin,bsabbin9q@rediff.com,Toyota,Sequoia,2008,$5.19
352,Skell,Hens,shens9r@netscape.com,GMC,Envoy,2002,$7.06
353,Myrah,Ware,mware9s@cloudflare.com,BMW,"7 Series",2009,$2.23
354,Esdras,Skirven,eskirven9t@home.pl,Lexus,GX,2007,$1.69
355,Lesli,Blum,lblum9u@4shared.com,Volkswagen,Golf,1983,$6.88
356,Rolph,Kurt,rkurt9v@tiny.cc,Volkswagen,Passat,1987,$2.85
357,Brody,Swindon,bswindon9w@wikispaces.com,Toyota,Supra,1997,$6.06
358,Cristina,Paver,cpaver9x@nsw.gov.au,Dodge,Intrepid,2003,$9.94
359,Leese,Chesterton,lchesterton9y@wikia.com,"Citroën",XLR,2005,$7.28
360,Markus,MacGinney,mmacginney9z@china.com.cn,Mazda,"Miata MX-5",2012,$7.09
361,Guinevere,McGilleghole,gmcgillegholea0@aol.com,BMW,X5,2009,$5.46
362,Brandais,Skull,bskulla1@mayoclinic.com,Pontiac,Sunfire,2003,$1.17
363,Omar,Newarte,onewartea2@cornell.edu,Honda,Element,2008,$4.34
364,Lacee,Grinaway,lgrinawaya3@sourceforge.net,Nissan,Altima,2010,$9.52
365,Crin,Kinningley,ckinningleya4@mtv.com,Buick,Skylark,1994,$7.22
366,Chrissy,Clemes,cclemesa5@sohu.com,Jeep,"Grand Cherokee",2010,$7.61
368,Odele,Mussington,omussingtona7@abc.net.au,Suzuki,Swift,1987,$1.92
369,Rochelle,Largent,rlargenta8@buzzfeed.com,Volkswagen,GTI,2004,$9.01
371,Von,Hunn,vhunnaa@ask.com,Buick,Riviera,1996,$3.31
372,Harbert,Nellen,hnellenab@admin.ch,Chevrolet,"Avalanche 1500",2003,$3.68
373,Dusty,Bluschke,dbluschkeac@istockphoto.com,Chevrolet,Malibu,2008,$3.98
374,Nicolai,Arthars,nartharsad@gizmodo.com,Chrysler,Sebring,1996,$4.07
375,Karia,Oswick,koswickae@google.com.hk,Lexus,SC,1999,$8.16
376,Raddie,Cooksley,rcooksleyaf@liveinternet.ru,Acura,RDX,2007,$3.40
377,Caz,Pobjay,cpobjayag@umich.edu,Mitsubishi,3000GT,1999,$8.06
378,Ellynn,Schuster,eschusterah@tinyurl.com,"Citroën",Escalade,2000,$7.50
379,Toma,"O' Quirk",toquirkai@newsvine.com,Scion,xB,2010,$2.90
380,Dov,Alasdair,dalasdairaj@mediafire.com,Chevrolet,"Silverado 1500",2002,$1.49
381,Larisa,Lafuente,llafuenteak@deviantart.com,Honda,Insight,2000,$6.11
382,Viki,Siggins,vsigginsal@aboutads.info,GMC,"1500 Club Coupe",1999,$5.58
383,Dita,McNamara,dmcnamaraam@hibu.com,Pontiac,Gemini,1987,$0.11
384,Svend,Ahrend,sahrendan@cocolog-nifty.com,Mercedes-Benz,W201,1984,$2.19
385,Tremain,Melin,tmelinao@sciencedirect.com,Acura,MDX,2006,$7.15
386,Weylin,Bransby,wbransbyap@msu.edu,Mercury,Marquis,1985,$4.25
387,Keven,Kleingrub,kkleingrubaq@bloglines.com,Mercury,Topaz,1992,$9.96
388,Iorgos,Hrinchishin,ihrinchishinar@google.nl,Chevrolet,Silverado,2010,$9.98
389,Dennie,Belhome,dbelhomeas@psu.edu,"Aston Martin","V12 Vantage",2012,$6.36
390,Sutton,Haysey,shayseyat@unc.edu,Toyota,Tercel,1995,$2.60
391,Nan,Scrimgeour,nscrimgeourau@bloglovin.com,GMC,"Sierra 2500",2011,$2.48
392,Ham,Minards,hminardsav@bandcamp.com,Mercedes-Benz,W126,1981,$8.12
393,Ichabod,Belasco,ibelascoaw@patch.com,Saturn,Outlook,2007,$3.77
394,Althea,Betterton,abettertonax@cbsnews.com,Pontiac,GTO,1974,$8.92
395,Iris,Theodore,itheodoreay@ycombinator.com,Mazda,Protege,2001,$7.95
396,Tiffanie,Yourell,tyourellaz@homestead.com,Lexus,LS,2006,$2.72
397,Aksel,Krollmann,akrollmannb0@usgs.gov,Ford,Ranger,2004,$7.43
398,Carce,Fabry,cfabryb1@ox.ac.uk,Nissan,Sentra,1991,$9.84
399,Joaquin,Galey,jgaleyb2@nba.com,Chevrolet,Blazer,2002,$7.52
400,Isac,Vanyukov,ivanyukovb3@webnode.com,Nissan,Murano,2009,$7.69
401,Tallie,Buglar,tbuglarb4@geocities.com,Lamborghini,Countach,1989,$9.42
402,Hugo,Matuszyk,hmatuszykb5@nytimes.com,BMW,750,2006,$7.96
403,Quent,Angerstein,qangersteinb6@reference.com,Toyota,"FJ Cruiser",2008,$6.56
404,Edgar,Purches,epurchesb7@zdnet.com,Acura,TL,2010,$3.23
405,Trace,Kestian,tkestianb8@oaic.gov.au,Eagle,Vision,1997,$9.45
406,Jacintha,McOrkill,jmcorkillb9@homestead.com,Buick,Century,2000,$9.09
407,Esteban,Leall,eleallba@geocities.com,Ford,Fiesta,2012,$0.04
408,Jareb,McCardle,jmccardlebb@linkedin.com,Hyundai,Elantra,2012,$2.74
409,Chrysler,Booeln,cbooelnbc@home.pl,Volvo,960,1995,$8.51
410,Angelita,Pipet,apipetbd@whitehouse.gov,Jaguar,"XK Series",1998,$4.80
411,Truman,Hickin,thickinbe@flavors.me,Saturn,Sky,2007,$7.53
412,Asher,Gippes,agippesbf@reddit.com,Suzuki,Swift,1992,$8.22
413,Benjy,Myring,bmyringbg@wix.com,Volvo,S80,2006,$7.70
414,Edwina,Aguirre,eaguirrebh@xrea.com,Ford,Windstar,2002,$2.78
415,Carrissa,Gaukroger,cgaukrogerbi@ibm.com,Ford,Bronco,1989,$1.42
416,Kirsteni,MacGeaney,kmacgeaneybj@cyberchimps.com,Ford,Thunderbird,1993,$6.11
417,Mark,Molian,mmolianbk@boston.com,Lincoln,LS,2002,$5.43
418,Worden,Olwen,wolwenbl@china.com.cn,Pontiac,GTO,2004,$1.66
419,Simonette,Stendall,sstendallbm@theatlantic.com,"Citroën",Catera,1997,$0.14
420,Eilis,Hamnet,ehamnetbn@who.int,Mercury,Sable,1998,$1.62
421,Casandra,Diviney,cdivineybo@cocolog-nifty.com,Lamborghini,Diablo,2001,$4.54
422,Beatriz,Bould,bbouldbp@un.org,"Land Rover",Discovery,2010,$0.36
423,Mariya,Beaze,mbeazebq@geocities.com,Mitsubishi,Truck,1988,$1.97
424,Maressa,Gorgl,mgorglbr@ucoz.com,Saab,9-5,2011,$2.73
425,Aubrette,Merle,amerlebs@themeforest.net,Mercedes-Benz,SLK-Class,2001,$5.25
426,Rose,Do,rdobt@elegantthemes.com,GMC,Sonoma,2001,$9.05
427,Jimmy,Kilpatrick,jkilpatrickbu@jimdo.com,Dodge,Durango,2001,$7.23
428,Anna-maria,Minchinton,aminchintonbv@shop-pro.jp,Infiniti,G37,2011,$6.83
429,Ernestine,Alben,ealbenbw@yandex.ru,Suzuki,X-90,1998,$9.35
430,Robbin,Dows,rdowsbx@senate.gov,Chevrolet,"Express 1500",2010,$3.42
431,Alisha,Ofield,aofieldby@macromedia.com,Chevrolet,TrailBlazer,2002,$7.39
432,Casar,Fairs,cfairsbz@webs.com,Mercury,Mountaineer,1998,$6.77
433,Daniela,Benedek,dbenedekc0@hibu.com,Audi,A4,2006,$2.73
434,Ward,Extence,wextencec1@instagram.com,Honda,CR-V,2009,$8.00
435,Yvette,Jermy,yjermyc2@shinystat.com,Mazda,MPV,2006,$0.44
436,Olly,Barratt,obarrattc3@oakley.com,Mazda,CX-7,2012,$1.70
437,Dode,Stobbart,dstobbartc4@ning.com,Mazda,"Mazdaspeed 3",2008,$4.60
438,Cos,Domotor,cdomotorc5@ucoz.ru,Oldsmobile,Bravada,2004,$6.05
439,Andris,Coaten,acoatenc6@ucsd.edu,Mazda,Protege,2002,$9.79
440,Lanette,Metzig,lmetzigc7@marriott.com,MINI,Cooper,2003,$8.50
441,Hyacinthe,Synke,hsynkec8@list-manage.com,Chevrolet,2500,1992,$0.41
442,Neille,Westcott,nwestcottc9@google.co.jp,Jeep,"Grand Cherokee",1999,$8.33
443,Kevina,Vida,kvidaca@t-online.de,Audi,S6,2003,$3.49
444,Luis,Courtois,lcourtoiscb@php.net,Mazda,626,2001,$8.49
445,Alan,Tremontana,atremontanacc@seattletimes.com,GMC,Envoy,1999,$2.20
446,Marshal,Rainforth,mrainforthcd@uol.com.br,Volvo,C70,2011,$5.46
447,Rosette,Gerritzen,rgerritzence@vk.com,Audi,S8,2003,$0.73
448,Jaynell,Biggadyke,jbiggadykecf@gizmodo.com,Dodge,"Ram 3500 Club",1996,$8.65
449,Hailey,Bavin,hbavincg@phpbb.com,Volkswagen,Jetta,1996,$8.18
450,Willy,Axelby,waxelbych@about.me,Lincoln,Continental,1991,$0.57
451,Heywood,Aggis,haggisci@nydailynews.com,Chevrolet,Astro,1994,$6.58
452,Krystle,Collyer,kcollyercj@answers.com,Mazda,MX-5,1998,$1.58
453,Thomasa,Boatman,tboatmanck@cnbc.com,Ford,E-Series,1992,$9.36
454,Rudolf,Goldup,rgoldupcl@diigo.com,Lexus,"RX Hybrid",2006,$2.10
455,Alexia,Choldcroft,acholdcroftcm@symantec.com,Suzuki,SX4,2008,$9.81
456,Sibylla,Marchenko,smarchenkocn@gnu.org,BMW,"3 Series",2010,$8.23
457,Shellysheldon,Cosyns,scosynsco@smugmug.com,Pontiac,Parisienne,1985,$0.51
458,Nikita,Armes,narmescp@phoca.cz,Kia,Sportage,1999,$2.68
459,Janel,Pattinson,jpattinsoncq@theatlantic.com,Ford,"Crown Victoria",2007,$5.30
460,Carita,Sheeres,csheerescr@topsy.com,Chrysler,LeBaron,1992,$0.37
461,Leoline,Devita,ldevitacs@geocities.jp,Nissan,Xterra,2008,$5.89
462,Barnabas,Artiss,bartissct@telegraph.co.uk,Ford,Mustang,2011,$2.73
463,Norri,Durrance,ndurrancecu@360.cn,Lamborghini,Diablo,1992,$3.05
464,Carole,Heiner,cheinercv@plala.or.jp,Plymouth,Neon,1995,$9.77
465,Duff,Brayfield,dbrayfieldcw@google.it,Nissan,Cube,2011,$6.32
466,Antoinette,Abba,aabbacx@salon.com,Ford,Thunderbird,2006,$1.64
467,Regen,Welford,rwelfordcy@yellowbook.com,Isuzu,Axiom,2002,$6.82
468,Cleveland,Scrigmour,cscrigmourcz@bandcamp.com,BMW,M3,2002,$2.32
469,Lainey,Janks,ljanksd0@nydailynews.com,"Land Rover",Discovery,2008,$4.09
470,Idelle,Reynold,ireynoldd1@tmall.com,Infiniti,Q,2004,$0.24
471,Yulma,Kiehne,ykiehned2@wikipedia.org,Saab,9-5,2006,$2.41
472,Odey,McFie,omcfied3@wisc.edu,BMW,"7 Series",2000,$9.71
473,Iris,Park,iparkd4@blogtalkradio.com,Subaru,Forester,2006,$1.94
474,Cody,Diamant,cdiamantd5@elpais.com,Volvo,C70,2007,$0.61
475,Delphine,Follet,dfolletd6@merriam-webster.com,Subaru,Legacy,2001,$5.34
476,Betteann,Boig,bboigd7@imageshack.us,Subaru,Legacy,1990,$4.61
477,Kriste,Bragg,kbraggd8@soundcloud.com,Saab,9-7X,2009,$4.73
478,Emmalee,Weber,eweberd9@networkadvertising.org,Ford,Escort,1991,$8.53
479,Edouard,Stammers,estammersda@state.tx.us,Pontiac,"Trans Sport",1997,$7.81
480,Afton,McGraith,amcgraithdb@fc2.com,"Alfa Romeo",164,1992,$5.10
481,Alisander,Dreng,adrengdc@yellowpages.com,Audi,S8,2007,$0.87
482,Ariadne,Pollak,apollakdd@mozilla.org,Toyota,4Runner,2001,$0.45
483,Dougie,Breslau,dbreslaude@mashable.com,Volkswagen,"Jetta III",1994,$6.54
484,Claudie,Vasyutin,cvasyutindf@artisteer.com,Mercury,Cougar,1984,$3.09
485,Prudi,Thow,pthowdg@admin.ch,Lincoln,"Continental Mark VII",1985,$7.11
486,Ruby,Banbrook,rbanbrookdh@icio.us,Ferrari,"612 Scaglietti",2007,$3.58
487,Patton,Frossell,pfrosselldi@cnn.com,GMC,"Sierra 2500",2010,$9.93
488,Gwyneth,Calderon,gcalderondj@baidu.com,Mitsubishi,Pajero,2001,$1.53
489,Natty,Krysztowczyk,nkrysztowczykdk@creativecommons.org,Volvo,V70,2000,$4.87
490,Donna,Wrangle,dwrangledl@diigo.com,Ford,E-Series,1986,$9.84
491,Valaree,Bridgstock,vbridgstockdm@businessinsider.com,Lexus,IS,2009,$5.55
492,Cammy,Ackerley,cackerleydn@webmd.com,GMC,"Savana 3500",2009,$4.00
493,Nert,Rickell,nrickelldo@blog.com,Maserati,Biturbo,1985,$7.79
494,Cynde,Salvadori,csalvadoridp@eepurl.com,Mercury,Cougar,1984,$3.12
495,Rodi,Bach,rbachdq@upenn.edu,Mitsubishi,Sigma,1990,$0.33
496,Ynes,Dulieu,ydulieudr@hao123.com,Nissan,Quest,2001,$0.87
497,Kaylil,McConnachie,kmcconnachieds@springer.com,Volvo,XC90,2010,$1.07
498,Consuelo,"De Giorgio",cdegiorgiodt@ihg.com,Buick,Skylark,1993,$2.52
499,Sergei,Foldes,sfoldesdu@japanpost.jp,BMW,645,2005,$7.30
500,Shelley,Heart,sheartdv@illinois.edu,Toyota,Sienna,2001,$2.95
501,Yevette,Pawling,ypawlingdw@rediff.com,Mitsubishi,Sigma,1989,$6.83
502,Ellerey,Keeble,ekeebledx@dedecms.com,Kia,Sportage,1997,$8.86
503,Haleigh,Baudacci,hbaudaccidy@ovh.net,Toyota,Tacoma,1999,$9.50
504,Ailbert,Elmhirst,aelmhirstdz@webmd.com,Pontiac,"Grand Prix",2007,$2.56
505,Kenton,Moyne,kmoynee0@nasa.gov,Volvo,C70,1999,$2.69
506,Harwilll,Croke,hcrokee1@posterous.com,Volvo,960,1996,$6.11
507,Timmie,Deegin,tdeegine2@blogtalkradio.com,Oldsmobile,Toronado,1992,$9.19
508,Desirae,Ormiston,dormistone3@si.edu,Nissan,Xterra,2008,$5.47
509,Camala,MacIlurick,cmaciluricke4@sohu.com,Hummer,H3,2010,$1.04
510,Nalani,Ballsdon,nballsdone5@a8.net,Mercury,Mariner,2007,$5.95
511,Melva,Bignal,mbignale6@paginegialle.it,Subaru,SVX,1993,$0.35
512,Myrtie,Redley,mredleye7@woothemes.com,Dodge,Neon,1997,$3.11
513,Dante,Drysdale,ddrysdalee8@deliciousdays.com,Toyota,"Land Cruiser",1994,$3.50
514,Cathee,Esslemont,cesslemonte9@issuu.com,Volvo,S80,2010,$2.13
515,Trisha,Asken,taskenea@nbcnews.com,Volkswagen,"Jetta III",1993,$7.56
516,Sven,Reye,sreyeeb@microsoft.com,Mitsubishi,Pajero,1987,$7.86
517,Joshua,Mizzen,jmizzenec@ask.com,Nissan,Frontier,2005,$2.86
518,Kermy,Gibbe,kgibbeed@vinaora.com,Ford,Mustang,1997,$6.68
519,Parker,Rutgers,prutgersee@acquirethisname.com,BMW,525,2001,$1.79
520,Dalston,Cucinotta,dcucinottaef@ftc.gov,Bentley,Continental,2011,$7.44
521,Rance,Alliker,rallikereg@indiatimes.com,Mercedes-Benz,SL-Class,2000,$4.11
522,Benedikta,Zanelli,bzanellieh@eepurl.com,Mazda,RX-8,2006,$9.72
523,Grethel,Laterza,glaterzaei@over-blog.com,Toyota,Matrix,2008,$2.59
524,Karylin,Griffiths,kgriffithsej@economist.com,Mazda,"Mazdaspeed 3",2010,$3.40
525,Gustavus,Turland,gturlandek@etsy.com,Mercedes-Benz,W201,1989,$0.78
526,Norah,Rosewell,nrosewellel@mapy.cz,Audi,Q5,2010,$3.77
527,Shea,Peddersen,speddersenem@stanford.edu,Dodge,"Ram 3500",2009,$8.19
528,Sumner,Smythin,ssmythinen@gnu.org,Volkswagen,rio,1996,$8.49
529,Jeralee,Alenshev,jalensheveo@edublogs.org,Nissan,Quest,1998,$1.99
530,Cesar,Joannidi,cjoannidiep@wikimedia.org,Buick,Regal,2012,$0.54
531,Aldous,Grist,agristeq@comcast.net,Mercedes-Benz,M-Class,2000,$1.18
532,Berta,Ethridge,bethridgeer@springer.com,Mercedes-Benz,SL-Class,1988,$0.23
533,Lorena,Shakelady,lshakeladyes@miibeian.gov.cn,Maserati,Spyder,1991,$0.65
534,Carline,Strudwick,cstrudwicket@ihg.com,Mazda,RX-8,2011,$4.31
535,Cory,Punter,cpuntereu@mtv.com,Subaru,Impreza,1998,$0.74
536,Murielle,McSperrin,mmcsperrinev@odnoklassniki.ru,GMC,"Suburban 2500",1994,$8.77
537,Rodger,Uc,rucew@nyu.edu,Lincoln,"Continental Mark VII",1986,$7.53
538,Elora,Symmers,esymmersex@imgur.com,GMC,"2500 Club Coupe",1996,$3.33
539,Delaney,Hodgin,dhodginey@bbb.org,Mercedes-Benz,W201,1987,$8.95
540,Dwayne,Flag,dflagez@mozilla.org,"Citroën",DeVille,1992,$5.55
541,Nicholas,Noad,nnoadf0@prweb.com,Toyota,"FJ Cruiser",2009,$9.55
542,Michell,Magnay,mmagnayf1@independent.co.uk,Chrysler,"New Yorker",1992,$9.91
543,Petey,Pietrowicz,ppietrowiczf2@arizona.edu,Subaru,"Impreza WRX",2011,$4.33
544,Hendrika,Ribey,hribeyf3@mediafire.com,Mercedes-Benz,E-Class,1989,$4.94
545,Hetti,Hiscoe,hhiscoef4@lycos.com,Mitsubishi,Diamante,1993,$4.90
546,Marcos,Bachnic,mbachnicf5@amazonaws.com,Plymouth,Acclaim,1994,$7.00
547,Averell,Mullaly,amullalyf6@digg.com,Mercedes-Benz,SL-Class,2008,$9.53
548,Nilson,Order,norderf7@bluehost.com,Chevrolet,"G-Series G30",1992,$2.37
549,Richie,Filipson,rfilipsonf8@nps.gov,Toyota,Tundra,2012,$1.53
550,Barb,Hilland,bhillandf9@boston.com,Acura,Legend,1994,$4.16
551,Pansy,Sondon,psondonfa@boston.com,Ferrari,F430,2006,$8.56
552,Raimundo,Lawleff,rlawlefffb@patch.com,Dodge,"Ram Van B150",1992,$6.27
553,Annie,Hissett,ahissettfc@dion.ne.jp,Mazda,MX-6,1989,$2.83
554,Sly,Hasselby,shasselbyfd@reverbnation.com,Subaru,Legacy,1994,$8.81
555,Emilia,Macvain,emacvainfe@earthlink.net,GMC,Safari,2003,$1.44
556,Tomasina,Lowless,tlowlessff@uol.com.br,Nissan,Pathfinder,2006,$6.29
557,Glenden,Arger,gargerfg@nbcnews.com,Dodge,Intrepid,2000,$4.96
558,Garey,Barnwill,gbarnwillfh@symantec.com,Acura,Integra,1997,$3.33
559,Dynah,Mulcaster,dmulcasterfi@adobe.com,Volvo,S40,2009,$9.10
560,Shaylah,Elland,sellandfj@spotify.com,Jeep,Wrangler,2003,$6.53
561,Mahala,Rittmeier,mrittmeierfk@joomla.org,Volkswagen,GTI,1986,$2.52
562,Sarah,Cereceres,scereceresfl@wufoo.com,BMW,"1 Series",2010,$6.61
563,Beilul,Huard,bhuardfm@dell.com,Mitsubishi,Truck,1987,$5.62
564,Isidor,Woolvett,iwoolvettfn@pbs.org,Toyota,Solara,2007,$3.17
565,Marianna,Chaperlin,mchaperlinfo@boston.com,Pontiac,"Grand Prix",1979,$6.16
566,Selia,Gianiello,sgianiellofp@sciencedaily.com,Porsche,928,1989,$2.54
567,Ulla,Tidey,utideyfq@behance.net,BMW,600,1958,$6.93
568,Teddy,Sheridan,tsheridanfr@virginia.edu,Mazda,RX-8,2010,$3.39
569,Clyve,Moyler,cmoylerfs@intel.com,Suzuki,Swift,1999,$1.31
570,Quintana,Ritchley,qritchleyft@cloudflare.com,Volvo,960,1992,$7.72
571,Eudora,Tatlow,etatlowfu@latimes.com,Volvo,V50,2009,$1.37
572,Barri,Bonnar,bbonnarfv@thetimes.co.uk,Chevrolet,Cavalier,1993,$4.74
573,Kalie,Acton,kactonfw@parallels.com,Nissan,Cube,2011,$8.27
574,Lyssa,Verrick,lverrickfx@google.ca,Mitsubishi,Mirage,2002,$3.98
575,Rudyard,Ramsay,rramsayfy@furl.net,Mazda,MX-3,1994,$5.33
576,Zedekiah,Maeer,zmaeerfz@constantcontact.com,Maserati,Biturbo,1986,$9.63
577,Peria,Kunrad,pkunradg0@google.com.hk,Mazda,B-Series,2004,$8.74
578,Amii,Sword,aswordg1@google.ru,Mercedes-Benz,E-Class,2008,$5.21
579,Reinhard,Nendick,rnendickg2@skype.com,Audi,TT,2012,$9.99
580,Andria,Marthen,amartheng3@redcross.org,Jaguar,"XJ Series",2001,$8.82
581,Giffie,Ridgwell,gridgwellg4@nps.gov,Audi,A6,2000,$9.06
582,Warde,Farrimond,wfarrimondg5@google.com.hk,Shelby,GT350,1969,$5.78
583,Westbrook,Clohissy,wclohissyg6@japanpost.jp,Honda,CR-V,2007,$4.11
584,Brandon,Oylett,boylettg7@weebly.com,Lexus,HS,2011,$4.61
585,Husein,Burnel,hburnelg8@tumblr.com,Hyundai,Tiburon,2003,$9.35
586,Mechelle,Jansie,mjansieg9@com.com,Toyota,MR2,2000,$4.09
587,Michale,Pincott,mpincottga@mediafire.com,Hyundai,Elantra,2000,$9.27
588,Timothy,Mushrow,tmushrowgb@freewebs.com,Mitsubishi,Cordia,1986,$3.10
589,Marna,Perrone,mperronegc@google.it,Lincoln,MKX,2008,$4.43
590,Maurits,Roden,mrodengd@engadget.com,GMC,"Suburban 1500",1998,$2.60
591,Tiena,Manger,tmangerge@stumbleupon.com,Ford,"Bronco II",1985,$9.38
592,Eada,Pedel,epedelgf@wufoo.com,Mercedes-Benz,E-Class,1996,$3.07
593,Maggy,"De Caville",mdecavillegg@google.com.au,Pontiac,Sunfire,2000,$2.04
594,Meggy,Tousy,mtousygh@washington.edu,Infiniti,QX,2005,$2.23
595,Terrill,Longina,tlonginagi@phoca.cz,Volkswagen,Cabriolet,1993,$1.51
596,Donetta,Macey,dmaceygj@stanford.edu,Subaru,Legacy,2011,$1.96
597,Margarette,Peattie,mpeattiegk@nyu.edu,Pontiac,Sunfire,2005,$3.99
598,Hanna,Brosio,hbrosiogl@unblog.fr,Toyota,"Land Cruiser",2013,$5.49
599,Stacia,Pesic,spesicgm@apache.org,Audi,A8,1999,$7.98
600,Akim,Lowndsborough,alowndsboroughgn@csmonitor.com,Mitsubishi,"Lancer Evolution",2005,$5.08
601,Arnold,Pobjay,apobjaygo@edublogs.org,Dodge,Viper,2002,$5.31
602,Lynette,Unwins,lunwinsgp@shop-pro.jp,Mercedes-Benz,C-Class,2001,$6.55
603,Jessi,Tooze,jtoozegq@senate.gov,BMW,525,2004,$5.52
604,Lorrie,Bursnall,lbursnallgr@imgur.com,Saab,900,1984,$7.83
605,Cariotta,Quillinane,cquillinanegs@vistaprint.com,Jaguar,XK,2011,$0.96
606,Luisa,Felce,lfelcegt@reference.com,Acura,Legend,1989,$5.67
607,Michale,Ibanez,mibanezgu@exblog.jp,Mazda,Familia,1992,$0.31
608,Sonnie,McPaik,smcpaikgv@e-recht24.de,Chevrolet,Corvette,1960,$4.92
609,Biddie,Moorcroft,bmoorcroftgw@domainmarket.com,Ford,"Econoline E150",1992,$8.35
610,Trula,Casado,tcasadogx@google.fr,Lexus,LX,2010,$7.40
611,Drusie,Codner,dcodnergy@furl.net,Ford,F150,2007,$9.79
612,Howie,Faussett,hfaussettgz@shop-pro.jp,Mercedes-Benz,E-Class,2002,$2.39
613,Powell,Royden,proydenh0@cam.ac.uk,GMC,"Sierra 3500",2000,$7.11
614,Cyrill,Truett,ctruetth1@imgur.com,Mercedes-Benz,S-Class,2011,$3.32
615,Christi,Fehners,cfehnersh2@mozilla.org,Pontiac,G6,2009,$0.34
616,Bendite,Elfitt,belfitth3@opera.com,Ford,Taurus,2001,$6.04
617,Eada,Seneschal,eseneschalh4@wordpress.org,Volvo,V70,2001,$7.99
618,Keane,Labat,klabath5@google.com,Scion,xB,2012,$9.40
619,Westleigh,Gobel,wgobelh6@wikia.com,Nissan,300ZX,1995,$8.85
620,Cliff,Jizhaki,cjizhakih7@deviantart.com,Ford,F-Series,2001,$5.39
621,Halley,Breadon,hbreadonh8@google.ca,Dodge,Sprinter,2009,$0.87
622,Sharity,Mulliner,smullinerh9@nbcnews.com,Dodge,"Grand Caravan",2006,$6.18
623,Karlis,Twitching,ktwitchingha@github.io,Mitsubishi,Galant,2004,$3.89
624,Jordana,McGuffie,jmcguffiehb@fc2.com,Mitsubishi,Montero,1997,$4.39
625,Kassey,Balma,kbalmahc@360.cn,Mitsubishi,RVR,1995,$7.12
626,Sarene,McPeck,smcpeckhd@theglobeandmail.com,"Citroën",Escalade,2008,$2.22
627,Lee,Nobriga,lnobrigahe@ycombinator.com,Mercury,Sable,1995,$7.32
628,Letta,Joontjes,ljoontjeshf@mediafire.com,Toyota,4Runner,2001,$3.11
629,Sutton,Trowill,strowillhg@sfgate.com,Mercedes-Benz,SL-Class,2011,$2.27
630,Salaidh,Buddock,sbuddockhh@scribd.com,Buick,"Park Avenue",2005,$3.53
631,Whitaker,Sinkins,wsinkinshi@google.com.au,Ford,Torino,1970,$5.88
632,Anya,Lomaz,alomazhj@fotki.com,Dodge,"Grand Caravan",2008,$7.08
633,Mada,Biddiss,mbiddisshk@ucoz.com,Honda,Accord,2002,$5.42
634,Raviv,Wither,rwitherhl@privacy.gov.au,Ford,Focus,2005,$2.19
635,Andree,Shoubridge,ashoubridgehm@so-net.ne.jp,Dodge,"Ram 1500",2008,$3.16
636,Sibbie,Grigson,sgrigsonhn@netvibes.com,Bentley,"Continental GT",2006,$5.45
637,Sioux,Sieve,ssieveho@canalblog.com,Ford,Explorer,1992,$2.92
638,Katharine,Bonnick,kbonnickhp@huffingtonpost.com,Pontiac,"Montana SV6",2006,$7.58
639,Christal,Life,clifehq@nyu.edu,Dodge,"Grand Caravan",2000,$5.27
640,Augie,Ridel,aridelhr@simplemachines.org,BMW,"X5 M",2011,$0.28
641,Vick,Cuss,vcusshs@freewebs.com,Dodge,"Ram 3500",1998,$6.06
642,Stirling,Pawling,spawlinght@icio.us,Maserati,Biturbo,1987,$9.77
643,Nico,Barclay,nbarclayhu@surveymonkey.com,Pontiac,Firebird,1984,$1.24
644,Brian,Liepmann,bliepmannhv@state.gov,Pontiac,"Grand Prix",2008,$2.25
645,Konstanze,Guterson,kgutersonhw@marriott.com,Chevrolet,"Monte Carlo",2003,$5.44
646,Gus,Balsdone,gbalsdonehx@scribd.com,Volkswagen,Scirocco,1984,$3.26
647,Tonnie,Pluck,tpluckhy@webmd.com,Ford,Probe,1989,$9.20
648,Gussy,Mattock,gmattockhz@nasa.gov,Toyota,Supra,1998,$4.23
649,Caty,Rubin,crubini0@washington.edu,Dodge,"Ram 1500",1999,$2.34
650,Mortie,Vanin,mvanini1@mozilla.org,Mazda,"Miata MX-5",2012,$3.15
651,Nick,Crollman,ncrollmani2@xing.com,Lamborghini,Diablo,1990,$8.62
652,Wye,Boatwright,wboatwrighti3@vk.com,Volkswagen,Passat,2001,$6.28
653,Monroe,Melmar,mmelmari4@amazonaws.com,Pontiac,Sunfire,2003,$1.90
654,Mandy,Cogley,mcogleyi5@amazon.com,Honda,"Civic GX",2003,$1.92
655,Gypsy,Mangenot,gmangenoti6@cbsnews.com,Kia,Sorento,2006,$3.59
656,Jessamine,Bauld,jbauldi7@sfgate.com,Nissan,Pathfinder,1993,$2.53
657,Gard,"De Brett",gdebretti8@ycombinator.com,Plymouth,"Grand Voyager",1994,$6.41
658,Ethan,Gaythorpe,egaythorpei9@examiner.com,Jeep,Liberty,2004,$7.40
659,Malory,Speddin,mspeddinia@theglobeandmail.com,Dodge,Colt,1989,$6.60
660,Bobbee,Stroobant,bstroobantib@sbwire.com,Honda,Element,2011,$5.20
661,Gaye,Ivanyutin,givanyutinic@oaic.gov.au,Audi,RS4,2008,$0.92
662,Edwina,Flew,eflewid@cocolog-nifty.com,Dodge,Charger,2010,$1.32
663,Trstram,Greyes,tgreyesie@hubpages.com,Buick,Riviera,1999,$3.03
664,De,Sutcliff,dsutcliffif@comsenz.com,GMC,3500,1992,$2.45
665,Kristin,Miners,kminersig@linkedin.com,Mitsubishi,Pajero,1989,$7.46
666,Cele,Fautly,cfautlyih@topsy.com,Isuzu,Rodeo,1997,$0.59
667,Curr,Henriquet,chenriquetii@huffingtonpost.com,Ford,Freestyle,2006,$7.42
668,Ernesto,Ginn,eginnij@archive.org,Mercedes-Benz,W201,1990,$2.53
669,Taryn,Hadlee,thadleeik@disqus.com,Ford,F150,2012,$2.73
670,Arlena,Ludman,aludmanil@sphinn.com,Chevrolet,"Suburban 2500",2006,$9.06
671,Brandie,Curme,bcurmeim@eepurl.com,GMC,Terrain,2010,$0.45
672,Hollyanne,Reggiani,hreggianiin@simplemachines.org,Ford,Flex,2010,$5.86
673,Cristobal,Rentalll,crentalllio@ask.com,BMW,M,2000,$2.96
674,Godwin,Katte,gkatteip@themeforest.net,Fiat,500,2012,$2.95
675,Ethelin,Beamson,ebeamsoniq@prlog.org,Hyundai,Azera,2007,$7.62
676,Mick,Nussey,mnusseyir@gnu.org,Toyota,Celica,1996,$8.79
677,Aprilette,Gonning,agonningis@github.io,Mazda,Protege,1993,$5.39
678,Dorotea,Butfield,dbutfieldit@nih.gov,Buick,"Park Avenue",1995,$5.23
679,Merci,Adolphine,madolphineiu@vk.com,Ram,2500,2011,$5.55
680,Kellia,Stait,kstaitiv@facebook.com,Mercury,Sable,1991,$6.07
681,Darn,Prestwich,dprestwichiw@gmpg.org,Chevrolet,"Sportvan G20",1992,$2.40
682,Byran,Gohier,bgohierix@msu.edu,Lexus,IS,2011,$1.56
683,Nathanael,Siflet,nsifletiy@booking.com,"Citroën",CTS,2010,$8.69
684,Alanna,Hegge,aheggeiz@vkontakte.ru,Bentley,"Continental GTC",2009,$2.62
685,Janice,Rowntree,jrowntreej0@techcrunch.com,Chevrolet,Equinox,2009,$3.63
686,Abraham,Eykelbosch,aeykelboschj1@com.com,Acura,MDX,2004,$9.23
687,Jori,Loidl,jloidlj2@psu.edu,Dodge,"Ram 2500",2010,$7.35
688,Giovanni,Ruos,gruosj3@drupal.org,Ford,E250,2008,$6.14
689,Bertha,Gland,bglandj4@freewebs.com,Pontiac,GTO,1966,$9.38
690,Alvis,Layland,alaylandj5@technorati.com,Chrysler,Crossfire,2008,$4.22
691,Ephrem,Tenpenny,etenpennyj6@patch.com,Ford,Explorer,2000,$1.51
692,Sherye,Gorch,sgorchj7@ucoz.com,Mercedes-Benz,"SLR McLaren",2009,$9.67
693,Bil,Eberle,beberlej8@blogspot.com,Lincoln,Navigator,2008,$7.99
694,Jacklyn,Lazer,jlazerj9@chicagotribune.com,Lexus,HS,2010,$3.37
695,Puff,Slott,pslottja@ask.com,Buick,Regal,2002,$9.20
696,Lesley,Stive,lstivejb@topsy.com,Volkswagen,Fox,1987,$4.06
697,Daron,Caughtry,dcaughtryjc@vimeo.com,Mercedes-Benz,G-Class,2002,$4.87
698,Blair,Milksop,bmilksopjd@last.fm,Hummer,H1,2001,$8.53
699,Hendrik,Braznell,hbraznellje@tmall.com,"Citroën",SRX,2005,$5.97
700,Moyra,Doodson,mdoodsonjf@springer.com,Mercedes-Benz,300E,1992,$8.49
701,Elka,Fairbeard,efairbeardjg@booking.com,"Citroën",DeVille,1995,$9.29
702,Ronnie,Lindsley,rlindsleyjh@amazon.co.uk,Suzuki,Samurai,1992,$8.82
703,Tansy,Aviss,tavissji@hexun.com,Mercedes-Benz,SL-Class,1992,$1.31
704,Alfred,McDonnell,amcdonnelljj@howstuffworks.com,Audi,A4,2008,$9.77
705,Kelsy,Beton,kbetonjk@altervista.org,Lamborghini,"Murciélago",2005,$9.93
706,Germain,Sannes,gsannesjl@sohu.com,Toyota,Highlander,2007,$5.00
707,Charleen,Frazier,cfrazierjm@dot.gov,Toyota,4Runner,1998,$2.39
708,Estevan,Andrioli,eandriolijn@hao123.com,Jaguar,"XJ Series",1994,$5.52
709,Kati,Furney,kfurneyjo@fc2.com,Dodge,"Ram Wagon B250",1994,$5.67
710,Josias,Cawthry,jcawthryjp@sun.com,"Land Rover",Freelander,2008,$8.34
711,Myrlene,Jinks,mjinksjq@jalbum.net,Ford,Explorer,2005,$0.37
712,Ware,Odby,wodbyjr@privacy.gov.au,Chrysler,Crossfire,2004,$8.70
713,Zorah,Cajkler,zcajklerjs@dion.ne.jp,Bentley,"Continental Super",2012,$6.40
714,Catha,Meagher,cmeagherjt@rambler.ru,Toyota,"Land Cruiser",2003,$3.85
716,Paulie,Hyland,phylandjv@sogou.com,Dodge,"Grand Caravan",2006,$6.07
717,Natalie,Schneider,nschneiderjw@soundcloud.com,Oldsmobile,"Cutlass Cruiser",1993,$4.40
718,Roshelle,Pritchard,rpritchardjx@4shared.com,Ford,E250,2006,$8.52
719,Constantine,Wassell,cwasselljy@hostgator.com,Maserati,Karif,1989,$5.02
720,Kesley,Harrismith,kharrismithjz@nasa.gov,Nissan,Frontier,2002,$8.13
721,Candace,Sentinella,csentinellak0@disqus.com,Mazda,"Mazdaspeed 3",2012,$5.88
722,Jilly,Thorley,jthorleyk1@wp.com,Eagle,Summit,1992,$8.33
723,Wilek,Plenty,wplentyk2@stumbleupon.com,Chevrolet,"Suburban 2500",2003,$2.18
724,Reeba,MacKellen,rmackellenk3@meetup.com,Suzuki,Samurai,1992,$8.24
725,Perren,Daniau,pdaniauk4@pinterest.com,Volkswagen,Cabriolet,1999,$2.80
726,Kenon,Lamshead,klamsheadk5@utexas.edu,Honda,S2000,2006,$6.16
727,Felizio,Pimer,fpimerk6@lulu.com,Mitsubishi,Pajero,1985,$4.06
728,Chris,Staynes,cstaynesk7@jimdo.com,Ford,F250,1995,$5.90
729,Salvador,Chattell,schattellk8@vinaora.com,Toyota,4Runner,2004,$0.95
730,Bryant,Artin,bartink9@acquirethisname.com,Ford,"Club Wagon",1993,$6.78
731,Rosette,Wadie,rwadieka@stanford.edu,Lincoln,"Town Car",1993,$8.90
732,Willy,Grint,wgrintkb@goo.gl,Oldsmobile,Alero,2004,$8.92
733,Bertrando,Genty,bgentykc@washingtonpost.com,Lexus,GS,2003,$0.68
734,Hendrika,Myhill,hmyhillkd@wikipedia.org,Infiniti,Q,1996,$5.69
735,Lutero,Boniface,lbonifaceke@woothemes.com,Hummer,H1,2003,$0.89
736,Adriena,Silley,asilleykf@ebay.com,Chevrolet,Astro,2000,$3.58
737,Hildagard,MacAndrew,hmacandrewkg@cargocollective.com,Pontiac,"Grand Prix",1998,$3.28
738,Jeanine,Connell,jconnellkh@dailymail.co.uk,Mercedes-Benz,R-Class,2009,$9.51
739,Shelby,Moine,smoineki@flavors.me,Chevrolet,"Express 3500",2005,$7.19
740,Rosalia,Elliff,relliffkj@google.ca,Subaru,Impreza,1995,$2.74
741,Cloris,Meharg,cmehargkk@seesaa.net,Mercedes-Benz,600SEC,1993,$6.82
742,Berrie,Suffield,bsuffieldkl@businessweek.com,"Land Rover",Discovery,2011,$8.98
743,Pearce,Staves,pstaveskm@biglobe.ne.jp,Chevrolet,"Express 2500",2001,$0.69
744,Kerwinn,Brogden,kbrogdenkn@hatena.ne.jp,Ford,Bronco,1996,$9.84
745,Kilian,Sexcey,ksexceyko@discuz.net,Kia,Spectra,2000,$9.40
746,Georgetta,Vidler,gvidlerkp@youku.com,Ford,"Crown Victoria",2007,$1.82
747,Arvie,Albutt,aalbuttkq@usgs.gov,Mercedes-Benz,CL-Class,2001,$5.11
748,Gayla,Bescoby,gbescobykr@house.gov,Lamborghini,Countach,1990,$4.58
749,Ingrid,Blesdill,iblesdillks@goo.gl,Dodge,D350,1993,$2.24
750,Olenka,Servis,oserviskt@blog.com,Mercedes-Benz,S-Class,1997,$3.67
751,Madonna,Lyman,mlymanku@businessweek.com,Merkur,XR4Ti,1985,$0.59
752,Lennie,Redpath,lredpathkv@slate.com,Subaru,Leone,1986,$4.14
753,Franciskus,Grinnell,fgrinnellkw@noaa.gov,Nissan,Xterra,2010,$1.38
754,Caren,Ownsworth,cownsworthkx@addthis.com,Buick,Rendezvous,2004,$4.78
755,Kellyann,Ingle,kingleky@businessinsider.com,Dodge,"Ram 1500",2000,$6.34
756,Verge,Restill,vrestillkz@nyu.edu,Chevrolet,Camaro,1998,$8.00
757,Rodney,Klemensiewicz,rklemensiewiczl0@studiopress.com,Rolls-Royce,Phantom,2010,$1.29
758,Corrinne,Kinsey,ckinseyl1@pbs.org,Ford,Ranger,2008,$8.08
759,Flynn,Lamond,flamondl2@netlog.com,Mercury,Cougar,1991,$5.62
760,Huntington,Kohnemann,hkohnemannl3@webnode.com,Ford,F-Series,2006,$2.28
761,Stevana,Serraillier,sserraillierl4@walmart.com,Buick,"Park Avenue",1995,$3.72
762,Gladi,Burkert,gburkertl5@histats.com,GMC,Safari,2005,$2.23
763,Lona,Crosbie,lcrosbiel6@wisc.edu,Chevrolet,"Silverado 2500",1999,$3.12
764,Tammie,Blackwood,tblackwoodl7@eepurl.com,Pontiac,"Grand Prix",1982,$4.27
765,Remus,Vasilkov,rvasilkovl8@youtu.be,Ford,Escort,2000,$8.14
766,Katlin,Shemelt,kshemeltl9@paginegialle.it,BMW,"3 Series",2012,$2.58
767,Oby,Paley,opaleyla@icq.com,Ford,Contour,1999,$6.50
768,Hedda,Rollins,hrollinslb@telegraph.co.uk,Maybach,62,2005,$8.30
769,Cody,Gillinghams,cgillinghamslc@a8.net,Buick,"Park Avenue",2002,$9.70
770,Lura,Delacroux,ldelacrouxld@virginia.edu,Chevrolet,Camaro,2011,$5.53
771,Zandra,Hubbis,zhubbisle@list-manage.com,Spyker,"C8 Spyder",2004,$0.97
772,Silvester,Chapelle,schapellelf@infoseek.co.jp,Geo,Tracker,1992,$5.45
773,Toiboid,Littrick,tlittricklg@mashable.com,BMW,M3,2009,$2.69
774,Lucita,Brea,lbrealh@nps.gov,Mazda,CX-5,2013,$3.81
775,Glendon,Adao,gadaoli@marketwatch.com,Dodge,"Ram 1500 Club",1998,$7.23
776,Meridel,Lingard,mlingardlj@seattletimes.com,Pontiac,"Grand Prix",2004,$7.66
777,Helen,Cattermole,hcattermolelk@smh.com.au,Lamborghini,"Murciélago LP640",2008,$9.82
778,Eunice,Bedford,ebedfordll@nba.com,Plymouth,Neon,2000,$7.50
779,Vite,Vance,vvancelm@va.gov,Ferrari,F430,2006,$4.46
780,Nobie,Dodds,ndoddsln@sohu.com,Chevrolet,"Monte Carlo",2005,$8.18
781,Berkie,Quinnelly,bquinnellylo@studiopress.com,Mercedes-Benz,CL-Class,2012,$5.24
782,Anton,Putman,aputmanlp@economist.com,Lexus,SC,1994,$6.03
783,Babita,Damerell,bdamerelllq@ox.ac.uk,Mercury,"Grand Marquis",1992,$8.60
784,Aleda,Lawie,alawielr@shinystat.com,Pontiac,Safari,1986,$3.90
785,Ariella,Taffie,ataffiels@theatlantic.com,"Citroën",Escalade,2005,$0.93
786,Katya,Radage,kradagelt@bloomberg.com,Oldsmobile,"Cutlass Supreme",1992,$3.70
787,Odette,Striker,ostrikerlu@virginia.edu,Hyundai,XG350,2005,$7.40
788,Merry,Heel,mheellv@xinhuanet.com,Lotus,Esprit,1992,$2.63
789,Rab,Sanchiz,rsanchizlw@aboutads.info,"Aston Martin",Rapide,2010,$5.22
791,Humfrey,Dot,hdotly@hatena.ne.jp,Kia,Amanti,2008,$3.96
792,Lombard,Sparhawk,lsparhawklz@psu.edu,Volkswagen,Passat,2009,$4.76
793,Tova,Fairholm,tfairholmm0@techcrunch.com,Lincoln,"Town Car",1997,$6.22
794,Letti,Ianinotti,lianinottim1@hao123.com,Mazda,Mazda6,2009,$6.01
795,Bone,Burling,bburlingm2@ucoz.com,Mazda,Millenia,1995,$1.97
796,Rivy,Knotton,rknottonm3@diigo.com,Volkswagen,Jetta,1995,$7.36
797,Frank,Ridolfo,fridolfom4@a8.net,Pontiac,Firefly,1988,$4.20
798,Gare,Ely,gelym5@indiegogo.com,Mercury,Mountaineer,1997,$8.69
799,Dana,Epperson,deppersonm6@npr.org,Jaguar,X-Type,2002,$3.62
800,Glynn,Gallemore,ggallemorem7@aboutads.info,Toyota,"Prius v",2012,$3.17
801,Ines,Pettie,ipettiem8@newsvine.com,Infiniti,QX,2009,$4.68
802,Colette,Presley,cpresleym9@naver.com,Infiniti,M,2006,$6.70
803,Orv,Stopp,ostoppma@gmpg.org,Honda,S2000,2002,$6.70
804,Payton,Lanphier,planphiermb@sciencedirect.com,Nissan,Xterra,2011,$9.15
805,Harold,Ankrett,hankrettmc@opera.com,Dodge,"Ram 1500",2000,$0.55
806,Deeann,Cheatle,dcheatlemd@biglobe.ne.jp,Hyundai,Accent,1996,$8.86
807,Richy,"O'Fairy",rofairyme@hostgator.com,Isuzu,i-Series,2008,$4.12
808,Leola,Wilmut,lwilmutmf@twitter.com,GMC,"Sierra 3500",2004,$5.17
809,Olia,"L'Amie",olamiemg@issuu.com,GMC,"Vandura G3500",1995,$9.80
810,Muire,Spaight,mspaightmh@phoca.cz,GMC,Sonoma,1993,$9.62
811,Lethia,Matushevich,lmatushevichmi@bbb.org,Chrysler,"Town & Country",2011,$6.02
812,Denis,Leigh,dleighmj@ca.gov,Toyota,"Camry Hybrid",2010,$7.81
813,Ulberto,Maggs,umaggsmk@qq.com,Suzuki,XL-7,2008,$1.90
814,Allissa,Robbel,arobbelml@imdb.com,Acura,RL,1998,$4.08
815,Conn,Carbett,ccarbettmm@fotki.com,Oldsmobile,"Cutlass Supreme",1994,$4.46
816,Doyle,Jagiello,djagiellomn@tripod.com,Saab,9000,1997,$3.71
817,Elizabeth,Machans,emachansmo@tiny.cc,Ford,"Club Wagon",1993,$1.11
818,Gard,Kalf,gkalfmp@cyberchimps.com,Suzuki,"Grand Vitara",2006,$9.32
819,Cora,Stork,cstorkmq@acquirethisname.com,GMC,"Yukon Denali",2000,$4.20
820,Skip,Dalgardno,sdalgardnomr@epa.gov,Saab,9-3,2004,$7.43
821,Suzanne,Kirkwood,skirkwoodms@dropbox.com,BMW,"8 Series",1994,$8.76
822,Thatch,Axtell,taxtellmt@merriam-webster.com,Mitsubishi,Pajero,1998,$3.36
823,Asher,Suett,asuettmu@unc.edu,Mercedes-Benz,CL-Class,2000,$9.78
824,Olympe,Bartolomeazzi,obartolomeazzimv@unc.edu,Volvo,XC70,2011,$2.68
825,Mordy,Ryburn,mryburnmw@bloglovin.com,Mitsubishi,Endeavor,2010,$0.81
826,Wally,Sparkwill,wsparkwillmx@army.mil,Kia,Rio,2002,$8.54
827,Fianna,McGeechan,fmcgeechanmy@scribd.com,Suzuki,SJ,1991,$8.38
828,Judah,McGarvie,jmcgarviemz@ed.gov,Maserati,Spyder,2004,$1.51
829,Trista,"O'Codihie",tocodihien0@wikimedia.org,Ford,Ranger,1984,$6.20
830,Aldon,Hillhouse,ahillhousen1@icq.com,Pontiac,Montana,2003,$1.33
831,Zelig,Files,zfilesn2@unesco.org,Chevrolet,"Express 1500",2008,$2.32
832,Eliza,Angeau,eangeaun3@arizona.edu,Mitsubishi,Galant,2006,$4.46
833,Shepherd,Pym,spymn4@geocities.com,Chevrolet,Corvette,2011,$9.30
834,Josh,Tolussi,jtolussin5@upenn.edu,Pontiac,Firefly,1985,$2.43
835,Annadiane,Lamort,alamortn6@wix.com,Pontiac,Firefly,1986,$8.84
836,Augustine,Adamovich,aadamovichn7@techcrunch.com,Mitsubishi,Galant,1984,$4.30
837,Hillie,Chevolleau,hchevolleaun8@oakley.com,Porsche,968,1994,$7.84
838,Munroe,Drewes,mdrewesn9@seesaa.net,Jaguar,"XJ Series",1992,$0.92
839,Garey,Briance,gbriancena@cisco.com,Buick,LeSabre,2000,$1.89
840,Eduard,Schustl,eschustlnb@discovery.com,Audi,TT,2003,$4.72
841,Noemi,Blumfield,nblumfieldnc@apache.org,Infiniti,G37,2008,$1.39
842,Laney,McCarron,lmccarronnd@istockphoto.com,Chevrolet,"Suburban 2500",2007,$1.00
843,Berk,Oakland,boaklandne@wunderground.com,Ford,Taurus,1989,$7.85
844,Sara-ann,Zorzenoni,szorzenoninf@blinklist.com,Oldsmobile,Bravada,1994,$8.72
845,Lorette,Lowes,llowesng@histats.com,GMC,Sonoma,2002,$5.75
846,Maxie,Soff,msoffnh@sourceforge.net,GMC,Canyon,2009,$2.67
847,Ernestine,Josskoviz,ejosskovizni@cyberchimps.com,Infiniti,QX,2005,$2.65
848,Harriet,Ertelt,herteltnj@seesaa.net,Pontiac,Bonneville,1984,$9.00
849,Ali,Winnard,awinnardnk@sohu.com,Nissan,Sentra,1998,$1.65
850,Pace,Petruska,ppetruskanl@dion.ne.jp,Pontiac,Torrent,2006,$6.52
851,Ambrose,Preedy,apreedynm@columbia.edu,Toyota,"Land Cruiser",2003,$9.51
852,Shelley,Filippello,sfilippellonn@artisteer.com,Chevrolet,"Silverado 2500",2006,$0.42
853,Gwyneth,Ende,gendeno@nih.gov,Hyundai,Tucson,2008,$4.42
854,Gorden,Tims,gtimsnp@seattletimes.com,Plymouth,Voyager,1992,$1.66
855,Nehemiah,Wolstencroft,nwolstencroftnq@woothemes.com,Mazda,MPV,1990,$6.09
856,Corrie,Cabrera,ccabreranr@theatlantic.com,BMW,745,2002,$4.83
857,Ottilie,Ormesher,oormesherns@wikia.com,Mercedes-Benz,S-Class,1987,$9.64
858,Prentice,Earry,pearrynt@phpbb.com,Chevrolet,3500,1998,$4.70
859,Giraldo,Papachristophorou,gpapachristophorounu@usatoday.com,Jaguar,"XJ Series",1992,$9.30
860,Tull,Faiers,tfaiersnv@state.tx.us,Isuzu,"Hombre Space",2000,$6.97
861,Fawnia,Hempshall,fhempshallnw@epa.gov,Kia,Sedona,2004,$3.36
862,Betteann,Charer,bcharernx@ox.ac.uk,Nissan,Pathfinder,2010,$6.94
863,Janaye,Hordell,jhordellny@instagram.com,Nissan,Titan,2006,$3.01
864,Constantine,Sibson,csibsonnz@imdb.com,Panoz,Esperante,2006,$2.18
865,Emmalee,Gregersen,egregerseno0@mtv.com,GMC,"Suburban 2500",1997,$1.55
866,Luise,Dosdill,ldosdillo1@angelfire.com,GMC,"Savana 2500",1999,$0.89
867,Leopold,Docket,ldocketo2@berkeley.edu,Ford,Escort,1992,$6.64
868,Edyth,Maber,emabero3@baidu.com,Mercedes-Benz,400E,1993,$6.24
869,Maxim,Dey,mdeyo4@indiatimes.com,Mercury,Tracer,1993,$7.50
870,Colby,Lanfear,clanfearo5@twitpic.com,Chevrolet,Aveo,2009,$0.99
871,Whitaker,MacClay,wmacclayo6@squarespace.com,Infiniti,G37,2009,$6.13
872,Anselm,Prichet,apricheto7@ca.gov,Isuzu,i-370,2007,$7.49
873,Roseline,Shrive,rshriveo8@exblog.jp,"Citroën","Escalade ESV",2007,$0.35
874,Sherill,Reford,srefordo9@dot.gov,Chevrolet,Impala,2004,$7.23
875,Tabbie,Foulstone,tfoulstoneoa@about.com,GMC,"Sierra 1500",2001,$6.40
877,Kara,Gillinghams,kgillinghamsoc@trellian.com,Jaguar,"XJ Series",1997,$5.51
878,Bary,MacCarter,bmaccarterod@mozilla.com,Chevrolet,Impala,2010,$8.95
879,Katuscha,Nuttall,knuttalloe@theatlantic.com,GMC,Envoy,2002,$8.51
880,Fraser,Inold,finoldof@apache.org,Mazda,Familia,1989,$2.89
881,Dorree,Vawton,dvawtonog@netlog.com,Jeep,Commander,2006,$2.17
882,Riva,Corston,rcorstonoh@cnbc.com,Toyota,Avalon,1996,$5.28
883,Dav,Couronne,dcouronneoi@google.com.hk,Pontiac,"Grand Am",2000,$1.09
884,Hazel,Raisher,hraisheroj@privacy.gov.au,Infiniti,QX56,2008,$9.41
885,Ki,Lankford,klankfordok@51.la,Maybach,57S,2005,$0.94
886,Ashlie,"Du Pre",adupreol@mapy.cz,Kia,Rio,2003,$5.06
887,Lian,Tilt,ltiltom@php.net,Hyundai,Excel,1993,$7.92
888,Margot,Lawdham,mlawdhamon@theatlantic.com,Lincoln,Continental,1997,$5.28
889,Mathilda,Pittel,mpitteloo@state.gov,Dodge,D350,1992,$5.53
890,Danila,Norkutt,dnorkuttop@mayoclinic.com,Mazda,MPV,2000,$5.60
891,Darrell,Catteroll,dcatterolloq@reference.com,Hyundai,Excel,1993,$4.68
892,Eduardo,Carlisi,ecarlisior@pagesperso-orange.fr,Audi,S4,2007,$9.74
893,Killian,Howels,khowelsos@rakuten.co.jp,GMC,Sierra,2008,$3.46
894,Markus,Kira,mkiraot@dyndns.org,Audi,"Coupe GT",1987,$4.49
895,Jamey,Batcheldor,jbatcheldorou@typepad.com,Chevrolet,"Silverado 3500HD",2006,$5.44
896,Gaylor,Gallatly,ggallatlyov@psu.edu,Audi,R8,2012,$9.31
897,Peter,McGrail,pmcgrailow@freewebs.com,Chevrolet,"G-Series G10",1994,$6.57
898,Hephzibah,Studde,hstuddeox@ifeng.com,Mercedes-Benz,M-Class,2012,$4.36
899,Essie,Millar,emillaroy@cmu.edu,Lincoln,Navigator,2003,$8.08
900,Alexi,Covil,acoviloz@home.pl,Toyota,Corolla,2011,$0.29
901,Francklin,McDougal,fmcdougalp0@ihg.com,Ford,Fusion,2010,$1.89
902,Merv,Steaning,msteaningp1@joomla.org,Ford,Ranger,2005,$5.40
904,Fionnula,Skip,fskipp3@technorati.com,Porsche,928,1989,$3.84
905,Risa,Patrick,rpatrickp4@house.gov,Mercury,Marquis,1985,$5.65
906,Kelli,Graffham,kgraffhamp5@mit.edu,Chevrolet,Impala,2002,$4.80
907,Filippa,Blaver,fblaverp6@mayoclinic.com,"Citroën",XLR-V,2006,$7.45
908,Sada,Brooksby,sbrooksbyp7@wordpress.org,Dodge,"Grand Caravan",2000,$3.10
909,Kim,Jedrzejkiewicz,kjedrzejkiewiczp8@salon.com,Bentley,Arnage,2007,$7.09
910,Rebecca,"O'Heneghan",roheneghanp9@vimeo.com,Jeep,"Grand Cherokee",1995,$6.31
911,Jocelyn,Angier,jangierpa@cbc.ca,Hyundai,Tucson,2009,$8.65
912,Gallard,McDougle,gmcdouglepb@t-online.de,Nissan,Quest,2002,$2.08
913,Ralf,Hughman,rhughmanpc@blogs.com,Mitsubishi,Galant,2000,$4.19
914,Theodosia,Laughlin,tlaughlinpd@ow.ly,Ford,Taurus,2002,$9.19
915,Broddy,Sorsby,bsorsbype@ameblo.jp,Saturn,Aura,2007,$5.79
916,Justis,Beecker,jbeeckerpf@washingtonpost.com,Toyota,Tundra,2011,$4.06
917,Ricky,Bramwell,rbramwellpg@mayoclinic.com,Subaru,SVX,1995,$6.57
918,Jeffy,Isacoff,jisacoffph@ning.com,Mercedes-Benz,SL-Class,1999,$4.43
919,Karna,Roark,kroarkpi@bloglovin.com,Ford,Windstar,1998,$0.22
920,Evered,Guild,eguildpj@dmoz.org,Chevrolet,Tahoe,2011,$2.72
921,Ira,Cranage,icranagepk@statcounter.com,Nissan,Maxima,1998,$7.93
922,Edsel,Carrodus,ecarroduspl@bbc.co.uk,Ford,Expedition,2009,$4.11
923,Amos,Shearer,ashearerpm@devhub.com,Porsche,Panamera,2011,$1.06
924,Audra,Wynch,awynchpn@51.la,Mercury,Villager,1996,$5.26
925,Florencia,Callum,fcallumpo@webeden.co.uk,Chrysler,"PT Cruiser",2002,$2.60
926,Karlens,Vlasin,kvlasinpp@noaa.gov,Buick,Electra,1990,$8.61
927,Gwenora,Shawcross,gshawcrosspq@taobao.com,Lexus,LS,2007,$0.68
928,Marjorie,Honniebal,mhonniebalpr@shutterfly.com,Volvo,S80,2007,$3.00
929,Eadie,Diemer,ediemerps@webmd.com,Jaguar,X-Type,2003,$2.07
930,Lanae,"Le Cornu",llecornupt@behance.net,Chevrolet,Tahoe,2009,$1.69
931,Eddie,Marciskewski,emarciskewskipu@ow.ly,Dodge,Magnum,2007,$6.28
932,Donovan,Olennikov,dolennikovpv@ucoz.com,Nissan,Quest,1999,$3.35
933,Briney,Russilll,brussilllpw@icio.us,BMW,525,2004,$4.22
934,Kelsy,Shilvock,kshilvockpx@tiny.cc,Suzuki,Swift,1993,$2.81
935,Norean,Kendall,nkendallpy@dell.com,Mazda,Mazda5,2009,$4.34
936,Paolina,Dinan,pdinanpz@cafepress.com,Dodge,Viper,2002,$1.35
937,Sonnie,Carpmile,scarpmileq0@t-online.de,Isuzu,i-290,2007,$0.50
938,Trula,Cud,tcudq1@google.de,Mitsubishi,Challenger,2001,$5.02
939,Lindy,Meriel,lmerielq2@technorati.com,Pontiac,Firebird,1986,$4.59
940,Brigitta,Humm,bhummq3@wufoo.com,Volkswagen,Passat,2005,$4.89
941,Giulia,Burrow,gburrowq4@linkedin.com,Pontiac,"Grand Prix",1983,$8.65
942,Bea,Pischel,bpischelq5@kickstarter.com,Chevrolet,"Silverado 2500",2010,$7.18
943,Sarena,Barthod,sbarthodq6@telegraph.co.uk,Toyota,Avalon,1995,$6.87
944,Larissa,Spinozzi,lspinozziq7@mac.com,GMC,"Suburban 2500",1998,$8.03
945,Fanya,Martynov,fmartynovq8@bluehost.com,GMC,Yukon,1999,$1.47
946,Vonnie,Denisot,vdenisotq9@wp.com,Volkswagen,Jetta,2004,$0.20
947,Pepe,Dietsche,pdietscheqa@earthlink.net,Suzuki,SJ,1993,$5.53
948,Halette,Reddings,hreddingsqb@cdc.gov,Dodge,"Ram 1500 Club",1999,$8.98
949,Roger,Frammingham,rframminghamqc@so-net.ne.jp,Honda,Insight,2005,$0.88
950,Nance,Heathcote,nheathcoteqd@yellowbook.com,BMW,M,2001,$4.70
951,Edvard,Abbyss,eabbyssqe@webeden.co.uk,GMC,"Sierra 1500",2012,$7.51
952,Renard,Dizlie,rdizlieqf@fotki.com,Saturn,Ion,2006,$2.60
953,Katy,Warden,kwardenqg@webnode.com,Kia,Sorento,2012,$1.44
954,Hallsy,Dacks,hdacksqh@wufoo.com,Ford,F250,2005,$2.57
955,Nora,Smales,nsmalesqi@elpais.com,BMW,M3,2011,$5.88
956,Charlena,Coutts,ccouttsqj@ask.com,GMC,"Sierra 3500",2011,$6.70
957,Heath,Quadrio,hquadrioqk@elegantthemes.com,"Citroën",CTS,2007,$7.49
958,Florina,Karpushkin,fkarpushkinql@mapy.cz,Chevrolet,3500,2000,$9.38
959,Joachim,Jenckes,jjenckesqm@e-recht24.de,Scion,xB,2011,$9.16
960,Napoleon,Keyson,nkeysonqn@senate.gov,Chevrolet,"Express 3500",2008,$1.44
961,Putnam,Benedito,pbeneditoqo@tiny.cc,Nissan,Pathfinder,2009,$4.33
962,Phaedra,Kleinerman,pkleinermanqp@nbcnews.com,"Citroën","Escalade ESV",2010,$4.16
963,Cate,Sea,cseaqq@exblog.jp,Mazda,929,1991,$2.84
964,Dredi,Camplen,dcamplenqr@gov.uk,Mitsubishi,GTO,1992,$7.05
965,Caril,Sivills,csivillsqs@skyrock.com,Mercedes-Benz,300SL,1992,$1.02
966,Joel,Legendre,jlegendreqt@dagondesign.com,Volkswagen,GTI,2011,$8.38
967,Eydie,Easseby,eeassebyqu@slideshare.net,Mitsubishi,Eclipse,1993,$1.97
968,Chic,Birch,cbirchqv@techcrunch.com,"Land Rover","Range Rover Evoque",2012,$2.58
969,Killie,Giovannacc@i,kgiovannacciqw@weibo.com,Saab,900,1990,$8.22
970,Wainwright,Worshall,wworshallqx@hubpages.com,Honda,Odyssey,2001,$9.42
971,Leroy,Najafian,lnajafianqy@marriott.com,Mitsubishi,Mirage,2001,$3.77
972,Brit,Ryton,brytonqz@g.co,Studebaker,Avanti,1963,$4.90
973,Angie,Willett,awillettr0@weebly.com,Kia,Carens,2009,$3.56
974,Channa,Condell,ccondellr1@opera.com,Subaru,Forester,2000,$6.66
975,Randi,Mackrell,rmackrellr2@dot.gov,Isuzu,i-Series,2007,$8.81
976,Marie,Aitchinson,maitchinsonr3@i2i.jp,Nissan,300ZX,1991,$2.52
977,Annnora,Ferrierio,aferrierior4@auda.org.au,Mercedes-Benz,300SE,1992,$4.57
978,Rivalee,Weiss,rweissr5@weather.com,Dodge,"D150 Club",1993,$8.15
979,Johan,Wimbush,jwimbushr6@dailymail.co.uk,Buick,Regal,1989,$9.46
980,Quinn,Fontes,qfontesr7@free.fr,"Land Rover",Discovery,2012,$9.20
981,Ogden,Ruoff,oruoffr8@ihg.com,MINI,Clubman,2012,$4.61
982,Veriee,Braden,vbradenr9@ucla.edu,"Citroën","Escalade EXT",2007,$3.59
983,Jerri,Baise,jbaisera@dell.com,Hummer,H2,2006,$2.22
984,Zak,Hawk,zhawkrb@desdev.cn,Mercedes-Benz,SL-Class,1991,$7.69
985,Manon,Vodden,mvoddenrc@1688.com,Dodge,Sprinter,2009,$7.70
986,Diana,McGlaughn,dmcglaughnrd@guardian.co.uk,Buick,Electra,1990,$7.95
987,Mendel,Guillem,mguillemre@nymag.com,GMC,"Savana 3500",2004,$2.68
988,Beryl,Burchess,bburchessrf@netlog.com,Nissan,Quest,2001,$7.40
989,Davidde,Quarrington,dquarringtonrg@aboutads.info,Plymouth,Voyager,1995,$5.92
990,Fletch,Watford,fwatfordrh@taobao.com,Buick,"Park Avenue",2002,$7.73
991,Bobbi,Panchen,bpanchenri@printfriendly.com,Dodge,Ramcharger,1993,$1.13
992,Bendix,Tuttle,btuttlerj@hhs.gov,Chevrolet,"Express 1500",1996,$4.69
993,Elvera,Pountain,epountainrk@fastcompany.com,Audi,A6,2007,$9.06
994,Emmalynn,Abramov,eabramovrl@lulu.com,Toyota,Avalon,2000,$6.90
995,Maddy,Lawey,mlaweyrm@elpais.com,Pontiac,Sunbird,1984,$8.39
996,Tonya,Kennefick,tkennefickrn@ucoz.com,Infiniti,G35,2008,$0.32
997,Lucky,Moxom,lmoxomro@naver.com,Bentley,"Continental GTC",2008,$8.17
998,Doralynn,Kubyszek,dkubyszekrp@dell.com,Nissan,Cube,2011,$9.78
999,Moira,Blondel,mblondelrq@xing.com,"Land Rover",Discovery,2003,$2.25
1000,Kimberley,Cackett,kcackettrr@nature.com,Toyota,"Tacoma Xtra",1999,$2.50
